id,title,date,location,establishment_type,casualties,property_loss,cause,description,control_extinguishment,suppression_mitigation,evacuation_rescue,source_type,hazard_category
1,Incident 01: Mundka Commercial Building Fire - New Delhi,13 May 2022,"Mundka, Outer West Delhi, Delhi","Four-storey commercial building (offices, CCTV camera & router manufacturing)",27 killed | 40+ injured | 50+ rescued,"Approx. Rs 5-8 Crore | Office equipment, CCTV manufacturing machinery, inventory, entire building structure","Short circuit on the first floor combined with highly combustible materials (plastic casing, wires, electronics). Building lacked a fire NOC or extinguishers.",Fire originated on the first floor and spread rapidly upward through plastic and electronic materials. Narrow staircases prevented evacuation. DNA profiling was required to identify charred bodies.,Over 30 fire tenders were deployed by the Delhi Fire Service; continuous water jetting took several hours to completely douse the fire.,Main electrical power lines were isolated to prevent secondary arc fires. Delhi Police registered a criminal case of culpable homicide and arrested the building owners.,Emergency responders used ladders and ropes. A local crane operator brought his vehicle to the site and saved over 50 people trapped on the upper floors.,domestic_india,structural_fire
2,Incident 02: Jabalpur New Life Multispecialty Hospital Fire - Madhya Pradesh,01 August 2022,"Jabalpur, Madhya Pradesh",Private multi-speciality hospital,8 killed | Several injured,"Approx. Rs 2-3 Crore | Hospital equipment, ICU infrastructure, medical inventory, ward furnishings",Electrical short circuit; compounded by non-compliance with fire safety and building codes.,Fire erupted late at night when patients were asleep. Oxygen-rich environment accelerated the blaze through corridors. Most victims died of smoke inhalation and burns.,Fire tenders from Jabalpur Municipal Corporation fought intense flames inside corridors using high-pressure hose lines.,Hospital electrical mains and medical gas supplies were shut off to starve the fire. State government ordered a high-level inquiry into safety code violations.,Rescuers and bystanders smashed glass windows to vent dense smoke. Patients were evacuated through a single narrow emergency exit and ground-floor windows.,domestic_india,structural_fire
3,Incident 03: Secunderabad Hotel Ruby Lounge & Bike Showroom Fire - Telangana,13 September 2022,"Secunderabad, Hyderabad, Telangana",Hotel cum entertainment venue with attached commercial motorcycle showroom,8 killed | Several rescued,"Approx. Rs 3-5 Crore | Hotel infrastructure, vehicles, commercial inventory, lounge equipment",Suspected electrical short circuit; fire spread aggravated by fuel and combustible furnishings.,Fire started in the lower commercial showroom zone containing electric bikes/fuel-laden vehicles and rapidly moved upward through the occupied hotel floors.,Multiple fire tenders from Telangana State Disaster Response and Fire Services deployed water and foam streams to extinguish flames exacerbated by battery packs and fuel.,Power supply isolated; remaining electric vehicles cooled to prevent thermal runaway propagation; police questioned owners over NOC compliance.,Firefighters deployed hydraulic platforms and turntable ladders to rescue occupants trapped on balconies and upper-floor rooms.,domestic_india,structural_fire
4,"Incident 04: Swapnalok Complex Fire - Secunderabad, Telangana",08 December 2022,"Secunderabad, Hyderabad, Telangana",Multi-storey commercial shopping complex,6 killed | Several injured,"Approx. Rs 10-15 Crore | Commercial shop inventory, office equipment, building infrastructure",Suspected short circuit in lower floors.,"Flames spread upward through narrow passages packed with commercial stock, filling internal corridors with thick toxic smoke.",12+ fire engines deployed water cannons and specialized foam tenders; firefighting lasted over 5 hours.,Building grid power disconnected; high-expansion foam and smoke blowers deployed to clear internal corridors.,Snorkel ladders and hydraulic platforms were positioned along outer walls to rescue workers trapped on top storeys; firefighters broke window glass to release smoke.,domestic_india,structural_fire
5,Incident 05: Rohini Hospital Fire (Oxygen Supply Snapped) - New Delhi,11 June 2022,"Rohini, New Delhi",Private hospital,1 killed (oxygen deprivation) | Multiple patients evacuated,"Approx. Rs 50 Lakh - 1 Crore | Electrical systems, oxygen supply lines, medical equipment","Electrical short circuit in power distribution section, severing critical oxygen supply lines to the ICU.","Fire was localized to the electrical room, but the resulting electrical failure disrupted oxygen systems, putting ICU patients on life support at immediate fatal risk.",Delhi Fire Service deployed 5 fire tenders and controlled the fire within an hour.,Electrical feeds isolated; staff manually switched patients to standalone portable oxygen cylinders.,Emergency personnel and medical staff swiftly evacuated ICU and ward patients to adjacent healthcare facilities via fleets of ambulances.,domestic_india,structural_fire
6,Incident 06: Gokulpuri Shantytown Fire - Northeast Delhi,March 2022,"Gokulpuri, Northeast Delhi",Residential shanty cluster / JJ colony,7 killed | Multiple injured,"Approx. Rs 50 Lakh | 30 shanties completely gutted, personal belongings, structures",Suspected electrical short circuit or cooking fire during early morning hours.,"Fire spread violently across closely packed shanties constructed from plastic, wood, and tarpaulin sheets, driven by early morning winds.","13 fire tenders rushed to the location, extinguishing the fire in 2-3 hours using continuous water jets.",Cooking LPG cylinders pulled away from the flames to prevent secondary explosions; temporary shelters set up for displaced families.,"Neighbors and police officers rushed through the informal settlement, waking sleeping residents and pulling families to safety before structures collapsed.",domestic_india,structural_fire
7,"Incident 07: RC Hazra Memorial Hospital Fire - Dhanbad, Jharkhand",28 January 2023,"Bank More Area, Dhanbad, Jharkhand",Private hospital / nursing home,5-6 killed (including doctor couple Dr. & Mrs. Hazra) | Several hospitalized,"Approx. Rs 1-2 Crore | Medical equipment, pharmacy, records, building structure",Short circuit in early hours; lack of functional suppression systems inside corridors.,"Fire broke out when staff presence was minimal. Smoke filled the corridors and attached doctor's quarters rapidly, causing fatalities due to suffocation.",Local fire brigade deployed water tenders to douse flames originating in the residential/hospital complex.,Power and medical gas lines isolated; Jharkhand High Court took suo motu cognizance to mandate fire safety reviews.,Rescue teams used external ladders to enter upper residential rooms and pulled unconscious occupants out for emergency resuscitation.,domestic_india,structural_fire
8,"Incident 08: Ashirwad Tower Apartment Fire - Dhanbad, Jharkhand",31 January 2023,"Joraphatak Area, Dhanbad, Jharkhand",Multi-storey residential apartment building,"14 killed (10 women, 3 children, 1 man) | 18+ hospitalized","Approx. Rs 3-5 Crore | Residential apartments, household possessions, building structure",Suspected short circuit on the second floor during a wedding gathering.,"Fire erupted on the second floor and raced upward through the vertical shaft and corridors, trapping dozens of wedding guests inside upper-floor flats.",Over 10 fire tenders fought the blaze for several hours using high-pressure hose streams.,Mains utilities disconnected; Jharkhand High Court ordered a comprehensive statewide residential fire safety audit.,"Firefighters, police, and local residents rescued 18+ people using ladders, stairwell clearings, and rooftop access routes.",domestic_india,structural_fire
9,"Incident 09: Attibele Fireworks Shop Blast - Bengaluru, Karnataka",July 2023,"Attibele, Bengaluru, Karnataka",Fireworks shop cum illegal storage facility (505 sq. m premises),13 killed | Multiple injured,"Approx. Rs 1-2 Crore | Fireworks stock, manufacturing equipment, building structure","Friction-induced ignition or heat build-up during unloading in an illegal, oversized facility combining sales and chemical processing.","Initial blast ignited massive stockpiles of oxidizers and finished pyrotechnics, triggering a catastrophic chain of explosions that destroyed the building.",Fire engines from Bengaluru and Hosur sprayed water and chemical foam continuously to douse residual chemical fires.,Cordon established to protect emergency crews from unexploded materials; PESO launched formal technical investigations into structural violations.,Rescue teams operated heavy earthmovers to clear collapsed concrete slabs and extract trapped factory workers.,domestic_india,structural_fire
10,"Incident 10: Brahmapuram Waste Dump Fire - Kochi, Kerala",March 2023,"Brahmapuram, Kochi, Kerala",Municipal solid waste dump / landfill,No direct deaths | Thousands affected by smoke inhalation and respiratory illness,"Approx. Rs 5-10 Crore | Firefighting operations, municipal infrastructure, health damage",Spontaneous combustion of dry plastic/organic waste fueled by decomposing methane gas.,"Raged for over eight days across acres of piled waste, generating a massive toxic smoke plume that covered Kochi city.","Operation lasted 10+ days involving 20+ fire tenders, Navy/IAF helicopters with Bambi buckets, and high-capacity water pumps.",Drenching deep waste layers with water and chemical foam; placing layers of dirt over smoldering pockets; issuing municipal mask advisories.,"No structural evacuation needed, but medical camps were established; vulnerable residents voluntarily relocated away from toxic smoke zones.",domestic_india,structural_fire
11,Incident 11: Virudhunagar Firecracker Factory Explosions - Tamil Nadu,2023 (Multiple incidents),"Virudhunagar, Tamil Nadu",Firecracker manufacturing units,11+ killed (single incident); 91 killed across 36 regional accidents in 2023-24 | Multiple injured,"Approx. Rs 1-2 Crore per incident | Chemical stockpiles, sheds, processing machinery",Friction-induced ignition during raw chemical mixing without safety gear.,"Primary explosion triggered chain detonations through stored pyrotechnic compounds, obliterating individual working sheds across a wide radius.",Regional fire stations deployed specialized chemical fire engines using water fog and foam.,Surrounding chemical sheds were cooled with water streams to stop thermal propagation; PESO suspended operating licenses.,Emergency personnel evacuated workers from adjacent units and rushed critically burned survivors to government hospitals.,domestic_india,structural_fire
12,Incident 12: Madurai Railway Station Train Fire - Tamil Nadu,2023,"Madurai Railway Station, Tamil Nadu",Passenger train compartment (stationary coach),10 killed | 20+ injured,"Approx. Rs 1-2 Crore | Railway coach, passenger belongings",Suspected illegal gas cylinder usage inside coach or electrical short circuit.,"Fire erupted inside a parked coach and spread rapidly along interior fabrics and wood finishes, trapping passengers inside narrow doorways.",Railway protection fire units and local municipal fire services extinguished the blaze in 2 hours.,The burning coach was detached from the rest of the train rake to prevent spread along the platform track.,Rescuers and passengers smashed coach windows and forced open jammed side doors to extricate trapped occupants.,domestic_india,structural_fire
13,Incident 13: Pune Chemical Factory Fire - Maharashtra,2023,"Pune, Maharashtra",Chemical factory (sanitizer manufacturing unit),18 killed | Many injured or missing,"Approx. Rs 10-15 Crore | Chemical plant equipment, flammable alcohol inventory, structure",Flammable chemical ignition during industrial processing.,"High alcohol content triggered multiple massive explosions, producing intense heat and thick black smoke visible for kilometers.","15+ fire tenders, foam crash tenders, and MIDC fire response units doused the fire over 4 hours.",Blanket layer of firefighting foam applied over liquid alcohol pools to cut off vapor ignition; industrial zone power shut off.,Emergency personnel evacuated neighboring industrial units and conducted search-and-rescue within the gutted factory interior.,domestic_india,structural_fire
14,"Incident 14: TRP Game Zone Fire - Rajkot, Gujarat",25 May 2024,"Kalavad Road, Rajkot, Gujarat",Temporary amusement park/gaming zone (tin-roofed structure),32 killed (including 9 children) | Many injured,"Approx. Rs 5-10 Crore | Amusement park infrastructure, gaming gear, 3,000L fuel storage","Welding sparks landing on combustible materials near illegal diesel (2,000L) and petrol (1,000L) storage tanks. Facility operated without a fire NOC.",Fire ignited in an extension construction zone and spread explosively through stored fuels. The single exit on the first floor caused a fatal bottleneck.,10+ fire tenders sprayed high-pressure streams for hours to extinguish the inferno and cool glowing metal frameworks.,Fuel tanks were isolated and cooled; Gujarat High Court took suo motu cognizance; SIT arrested 9 owners/officials.,Hundreds escaped through the ground floor entrance; firefighters cut open collapsed tin roof sheets to recover trapped victims.,domestic_india,structural_fire
15,Incident 15: Vivek Vihar Newborn Baby Care Hospital Fire - East Delhi,26 May 2024,"Vivek Vihar, East Delhi",Private neonatal hospital,7 newborn infants killed | 12 rescued | Multiple injured,"Approx. Rs 50 Lakh - 1 Crore | Incubators, neonatal equipment, structure","Electrical short circuit in basement, exacerbated by illegal oxygen cylinder refilling.","5 out of 27 oxygen cylinders on site exploded, triggering high-intensity flames and thick smoke that trapped infants in the neonatal ward. Lack of fire exits violated NBC 2016.",16 fire tenders fought the blaze for 3-4 hours following cylinder explosions.,Unexploded oxygen cylinders safely removed and cooled; electrical grid disconnected; owner and duty doctor arrested.,"Local residents and firefighters climbed ladders and broke rear windows, carrying 12 infants out to safety.",domestic_india,structural_fire
16,Incident 16: Jhansi Medical College NICU Fire - Uttar Pradesh,November 2024,"Jhansi, Uttar Pradesh",Maharani Laxmi Bai Medical College - Neonatal ICU,10 newborn infants killed | Several injured,"Approx. Rs 1-2 Crore | NICU incubators, life support machinery, ward structure",Electrical short circuit inside the oxygen-enriched NICU.,"Oxygen-rich atmosphere led to rapid fire spread. Fire extinguishers were non-functional and emergency exits locked, trapping infants and staff.",Fire tenders and hospital hydrants extinguished the blaze in 1-2 hours.,Electrical lines and central oxygen manifold shut off immediately; UP government ordered judicial probes.,Staff and rescuers smashed glass window panes; 37+ infants were successfully evacuated and transferred to adjacent pediatric wards.,domestic_india,structural_fire
17,Incident 17: Krishnagiri Firecracker Factory Explosion - Tamil Nadu,2024,"Krishnagiri, Tamil Nadu",Fireworks manufacturing factory,8 killed | Several injured,"Approx. Rs 1-2 Crore | Factory machinery, chemical stock, building structure",Explosion during chemical mixing due to unsafe handling of pyrotechnic materials.,"Primary blast tore through processing rooms, causing structural collapse and triggering secondary explosions in raw chemical storage.",Fire engines deployed water fog and foam to control chemical fires across the complex.,Leftover chemical dumps cooled to prevent secondary blasts; site cordoned by police for PESO inspection.,Emergency crews used earthmovers to clear collapsed masonry and pull out injured workers.,domestic_india,structural_fire
18,"Incident 18: Neerathilingam Fireworks Factory Explosion - Sivakasi, Tamil Nadu",19 February 2025,"Sivakasi, Tamil Nadu",Fireworks manufacturing factory,Multiple workers killed | Several injured with severe burns,"Approx. Rs 50 Lakh - 1 Crore | Machinery, chemical stockpiles, sheds",Friction-induced ignition during mixing of potassium nitrate and aluminum powder.,"Blast occurred without warning in the mixing section, spreading rapidly through adjacent dust-laden sheds and stored materials.",Regional fire tenders doused the fire using high-pressure hose lines over several hours.,Unreacted chemical powders neutralized; PESO sealed the facility for operating without mandatory safety gear.,Survivors fled into open ground; rescue teams extricated burn victims and dispatched them to Sivakasi Government Hospital.,domestic_india,structural_fire
19,"Incident 19: SBL Energy Limited Factory Explosion & Fire - Nagpur, Maharashtra",01 March 2026,"Raulgaon Village, Katol Tehsil, Nagpur District, Maharashtra",Explosives manufacturing factory (gunpowder and mining detonators),25 killed | 23+ critically injured,"Approx. Rs 20-30 Crore | 5 factory buildings severely damaged/collapsed, explosives inventory",Safety lacunae and technical failures during detonator filling and gunpowder processing.,Massive explosion in Building No. 16(B) collapsed structures and scattered debris across the complex. Charcoal-gunpowder fires burned for hours.,"NDRF, SDRF, and MIDC fire services deployed multiple fire engines, extinguishing the blaze after 4-5 hours.",Bomb disposal and PESO units cleared unexploded detonators; 9 company directors arrested under culpable homicide charges.,Heavy machinery lifted concrete slabs to extract victims; DNA matching used to identify severely charred bodies.,domestic_india,structural_fire
20,Incident 20: Nagpur Umred MIDC Aluminium Factory Explosion - Maharashtra,April 2025,"Umred MIDC Area, Nagpur, Maharashtra",Aluminium foil and powder manufacturing factory,5 killed | 8 severely injured | 87 total present,"Approx. Rs 5-8 Crore | Machinery, aluminium inventory, building structure",Flammable gas build-up in the polished tubing unit igniting reactive aluminium powder.,"Ground shook as explosion struck; reactive aluminium powder rendered standard water-based fire suppression ineffective, allowing extended burning.","Water sprays avoided; firefighters used dry chemical powder, sand blankets, and controlled smothering over long hours.",Gas lines isolated; processing plant sealed by industrial safety inspectors; FIR registered by police.,82 surviving workers evacuated to open zones; rescue teams recovered injured workers from the destroyed tubing unit.,domestic_india,structural_fire
21,"Incident 21: Sigachi Industries Pharmaceutical Factory Blast & Fire - Sangareddy, Telangana",30 June 2025,"Sangareddy Industrial Area, Telangana",Pharmaceutical factory (spray dryer unit),36-40+ killed | 36 hospitalized with severe burns,"Approx. Rs 50-100 Crore | Pharmaceutical plant, spray dryer unit, chemical inventory",Overheating in spray dryer unit igniting fine powder excipients and chemical solvents.,Massive pressure wave destroyed the dryer unit and adjoining structures. Intense chemical heat and toxic fumes caused heavy fatalities.,12+ fire tenders and industrial chemical engines fought the fire for over 6 hours.,Chemical feed valves shut off; government closed plant for 90 days; special medical teams deployed for DNA identification.,Over 100 workers fled or were pulled out by emergency crews clearing structural wreckage.,domestic_india,structural_fire
22,"Incident 22: Air India Flight A1171 Crash & Fire - Ahmedabad, Gujarat",12 June 2025,"BJ Medical College Hostel Block, Meghani Nagar, Ahmedabad, Gujarat",Aviation disaster (Boeing 787-8 Dreamliner & urban hostel buildings),241 on-board killed | 19+ ground deaths | 1 survivor | 67 ground injuries,"Several Thousand Crore | Aircraft, 5 college buildings, residential hostels","Dual engine power loss 32-40 seconds post-takeoff, causing crash impact and immediate explosion of fully laden fuel tanks.","Aircraft struck hostel block 1.7 km from runway, creating a massive fireball across a 300 x 120 meter area and destroying five buildings.","300+ firefighters, 60 fire vehicles, and 20 water bowsers with specialized foam tenders from Vadodara, Gandhinagar, ONGC, and Civil Defence deployed.","Entire sector cordoned by Army, BSF, CRPF, and NDRF; city power/gas lines isolated; AAIB secured CVR/FDR black boxes.",Rescue teams saved sole aircraft survivor (Seat 11A); evacuated 50+ injured medical students from burning hostel ruins.,domestic_india,structural_fire
23,Incident 23: Chandni Chowk Mahalaxmi Market Fire - Delhi,2023,"Bhagirath Palace, Chandni Chowk, New Delhi",Wholesale commercial market,No deaths reported | No major injuries,"Approx. Rs 50-100 Crore | 150+ shops, commercial inventory, building structures","Electrical short circuit in congested, densely packed market.",Fire spread rapidly through closely built shops holding electrical goods and paper. Narrow Old Delhi alleys prevented large fire engine access.,Over 40 fire tenders deployed; small fire vehicles and long hose lines laid through narrow lanes; dousing took over 12 hours.,Area grid power disconnected; neighboring heritage structures cooled continuously to halt fire spread.,Local shopkeepers and shoppers evacuated through narrow lanes early; no trapped casualties reported.,domestic_india,structural_fire
24,Incident 24: Mumbai Hotel Fire (Santacruz Area) - Maharashtra,2023,"Santacruz, Mumbai, Maharashtra",Hotel building,3 killed | 5 injured,"Approx. Rs 1-2 Crore | Hotel rooms, interior furnishings, structure",Short circuit on lower floor.,Fire traveled upward through stairwell and ducting; combustible furnishings generated dense smoke that trapped hotel guests in upper rooms.,"Mumbai Fire Brigade deployed 8 fire engines and water tankers, putting out the fire in 2-3 hours.",Electricity cut off; building sealed for operating without updated fire safety clearance.,Firefighters used ladders and smoke extractors to clear staircases and rescue trapped guests from upper windows.,domestic_india,structural_fire
25,Incident 25: Kakinada Firecracker Factory Explosion - Andhra Pradesh,2024-25,"Kakinada, Andhra Pradesh",Fireworks manufacturing factory,21 killed | Several injured,"Approx. Rs 2-3 Crore | Factory buildings, fireworks inventory, machinery",Massive chemical explosion during fireworks assembly.,"Primary explosion caused chain detonations through chemical sheds, collapsing structures across the factory complex.",Fire services deployed multiple tenders using foam and water sprays to suppress chemical fires over several hours.,Unexploded pyrotechnic materials sprayed with retarding agents; police filed criminal cases under Explosives Act.,Heavy earthmovers were used to dig through debris and extricate trapped workers.,domestic_india,structural_fire
26,Incident 26: Sivakasi Firecracker Factory Fire - Tamil Nadu,July 2025,"Sivakasi, Tamil Nadu",Firecracker manufacturing cluster,5 killed | 4 injured,"Approx. Rs 50 Lakh - 1 Crore | Manufacturing unit, chemical stockpiles",Chemical ignition during pyrotechnic production.,"Flames spread quickly through raw chemical storage sheds in the fireworks cluster, threatening adjacent units.","Local fire tenders reached the site promptly, bringing the fire under control within 2 hours.",Site cordoned off; PESO safety officers launched investigations into unit safety standards.,Workers from adjoining sheds were evacuated; injured workers were dispatched to nearby burn centers.,domestic_india,structural_fire
27,Incident 27: Bhandara District Hospital NICU Fire - Maharashtra,09 January 2021 (Reference Precedent Entry),"Bhandara, Maharashtra",Government district hospital NICU ward,10 newborn infants killed | 7 rescued,"Approx. Rs 1-2 Crore | Incubators, NICU machinery, ward interior",Electrical short circuit in radiant warmer/AC unit.,"Midnight fire in sealed NICU. Oxygen enrichment led to dense toxic smoke development, suffocating neonates before intervention was possible.",Hospital staff and fire brigade used portable extinguishers and hydrants to douse the fire within an hour.,Power cut off; Maharashtra government ordered mandatory fire safety audits for all civil hospitals statewide.,"Hospital staff saved 7 infants, but dense smoke blocked entry into the inner ward, resulting in 10 deaths.",domestic_india,structural_fire
28,Incident 28: Delhi Anaj Mandi Factory Fire - Delhi,08 December 2019 (Reference Precedent Entry),"Anaj Mandi, North Delhi",Illegal factory-cum-dormitory in residential building,43 killed | 16 injured,"Approx. Rs 3-5 Crore | Factory equipment, raw inventory, building structure",Short circuit in illegal handbag/packaging factory running inside a residential zone.,"Early morning fire trapped sleeping migrant workers inside locked, windowless floors filled with combustible materials.","Over 30 fire tenders and 150 firefighters operated via narrow alleys, dousing the fire in 4 hours.",Power cut off; municipal authorities initiated sealing drives against illegal industrial units in residential areas.,Firefighters carried unconscious victims down narrow staircases and cut window iron grills to rescue over 60 people.,domestic_india,structural_fire
29,Incident 29: Uphaar Cinema Fire - New Delhi,13 June 1997 (Historic Reference Entry),"Green Park, New Delhi",Cinema hall (Uphaar Cinema),59 killed | 100+ seriously injured,"Approx. Rs 5 Crore (1997 value) | Cinema structure, equipment, auditorium",Electrical transformer fire in basement generator room; compounded by locked emergency exits and unauthorized shops.,"Toxic carbon monoxide smoke filled the auditorium during a movie screening; locked exits trapped patrons, predominantly in the balcony section.",Delhi Fire Service deployed multiple fire engines and doused the transformer and lobby fire within 2 hours.,Power isolated; landmark legal battles led to major revisions of National Building Code regulations for public assembly spaces.,Firefighters broke open locked exit doors and evacuated hundreds of asphyxiated patrons to nearby hospitals.,domestic_india,structural_fire
30,Incident 30: Kollam Puttingal Temple Fireworks Fire - Kerala,10 April 2016 (Historic Reference Entry),"Paravur, Kollam, Kerala",Temple grounds pyrotechnic storage,111 killed | 350+ injured,"Approx. Rs 10-15 Crore | Temple structures, nearby buildings, festival equipment",A stray fireworks shell landed on a concrete storeroom holding tons of illegally stored pyrotechnics during a festival competition.,"Explosive blast collapsed the storeroom and nearby concrete structures, sending debris flying into thousands of festival attendees.","Fire engines, police, Indian Navy, and IAF helicopters deployed to extinguish residual fires across destroyed buildings.",Bomb disposal squads neutralized unexploded pyrotechnics; strict ban enforced on unauthorized competitive fireworks displays.,"Local residents, NDRF, and emergency services cleared concrete rubble with JCBs to rescue hundreds of trapped victims.",domestic_india,structural_fire
31,"Incident 31: AMRI Hospital Fire - Kolkata, West Bengal",09 December 2011 (Historic Reference Entry),"Dhakuria, Kolkata, West Bengal",Private multi-speciality hospital,93-95 killed | 100+ injured,"Approx. Rs 20-30 Crore | Medical infrastructure, equipment, hospital building",Short circuit igniting illegally stored flammable materials in basement car park; central AC distributed carbon monoxide throughout upper floors.,"Fire broke out at 3 AM; toxic smoke circulated through the central AC ducting, suffocating bedridden patients in their sleep. Fire brigade response was severely delayed.",25+ fire tenders fought the fire for over 5 hours; delayed response exacerbated total damage.,Central AC system turned off; hospital license canceled and board members arrested for negligence.,Local youths scaled building pipes and broke window glasses; firefighters used hydraulic sky-ladders to evacuate patients.,domestic_india,structural_fire
32,"Incident 33: Dabwali Tent Fire Tragedy - Mandi Dabwali, Haryana",23 December 1995,"Mandi Dabwali, Sirsa District, Haryana",Temporary synthetic marriage/school function tent enclosure,540 killed (mostly school children and parents) | 160+ injured,"Approx. Rs 2-3 Crore (1995 value) | Structural canopy, furniture, public property","Short circuit in an electric generator set, igniting the synthetic cloth tent canopy.","Burning synthetic canopy collapsed on over 1,500 people inside a walled enclosure with only one single 4-foot narrow exit gate, causing a mass stampede and burn fatalities within 15 minutes.","Fire engines from nearby towns arrived; however, the combustible canopy burned completely within minutes.",Power supply isolated; landmark judicial commission established strict guidelines for temporary public gathering structures.,"Local citizens broke through boundary walls; survivors were transported in private trucks and cars to hospitals in Sirsa, Bathinda, and Punjab.",domestic_india,structural_fire
33,Incident 34: Kumbakonam School Fire - Tamil Nadu,16 July 2004,"Kumbakonam, Thanjavur District, Tamil Nadu",Sri Krishna Aided Primary School (thatched roof school building),94 children killed | 21 injured,"Approx. Rs 50 Lakh - 1 Crore | School building, classrooms, furniture",Sparks from open-fire midday meal thatched kitchen igniting the attached thatched roof of first-floor classrooms.,The thatched roof caught fire and collapsed onto 900 primary school children packed into narrow classrooms served by a single 4-foot staircase.,Fire service alerted at 11:00 AM; tenders arrived within minutes and doused the flames using high-pressure hose lines.,Complete policy ban imposed on thatched roofs in schools nationwide; strict NBC compliance enforced for educational institutions.,"Local residents and teachers smashed brick walls and windows, pulling dozens of children out before the burning roof collapsed.",domestic_india,structural_fire
34,Incident 35: Meerut Victoria Park Brand India Fair Fire - Uttar Pradesh,10 April 2006,"Victoria Park, Meerut, Uttar Pradesh",Air-conditioned consumer trade fair tent complex,57-100 killed | 150+ injured,"Approx. Rs 10-15 Crore | Consumer stalls, synthetic enclosures, electronics, merchandise",Electrical short circuit in air-conditioning ducting or consumer stall.,"Three interconnected 100-meter air-conditioned synthetic tents caught fire; exit gates were restricted for ticket checking, trapping thousands inside a blazing synthetic tunnel.","20+ fire tenders rushed to the scene, extinguishing the inferno in 2 hours.",Power cut off; ban enforced on synthetic enclosed trade fair structures lacking multi-point emergency exits.,Trapped visitors used keys and pocket knives to cut open synthetic tent walls; rescuers carried severe burn victims to Meerut Medical College.,domestic_india,structural_fire
35,"Incident 36: Stephen Court Building Fire - Park Street, Kolkata, West Bengal",23 March 2010,"Park Street, Kolkata, West Bengal",Heritage multi-storey commercial-cum-residential building,42 killed | 30+ injured,"Approx. Rs 10-20 Crore | Commercial offices, restaurants, residential flats, structure",Electrical short circuit in lift shaft / server unit on the 5th floor.,"Fire engulfed upper floors rapidly; a locked roof gate prevented occupants from escaping upward, forcing some to jump from windows.",40+ fire tenders and hydraulic ladders operated for over 6 hours to extinguish the blaze.,Mains power supply isolated; structural stability testing conducted; criminal charges filed against building owners.,"Firefighters rescued dozens using hydraulic skylifts and fire escapes, though locked doors hindered roof evacuation.",domestic_india,structural_fire
36,"Incident 37: Carlton Towers Fire - Bengaluru, Karnataka",23 February 2010,"Old Airport Road, Bengaluru, Karnataka",Multi-storey commercial office complex,9 killed | 70 injured,"Approx. Rs 5-10 Crore | Commercial offices, IT infrastructure, building interior",Short circuit in lift service shaft on the 2nd floor.,"Thick smoke raced up the vertical lift shaft and filled stairwells, blinding office workers who suffocated or jumped in panic.",15+ fire tenders doused the fire in 2-3 hours using high-pressure hose systems.,"Building sealed for safety violations, inspiring the establishment of civic fire safety advocacy groups (Beyond Carlton).",Firefighters used turntable ladders to rescue over 60 people from windows; bystanders used bedsheets and cushions to catch jumpers.,domestic_india,structural_fire
37,"Incident 38: Takshashila Arcade Coaching Centre Fire - Surat, Gujarat",24 May 2019,"Sarthana Area, Surat, Gujarat",Multi-storey commercial complex with illegal makeshift terrace dome,22 students killed | 19 injured,"Approx. Rs 2-5 Crore | Coaching centre, commercial property, roof structure",Electrical short circuit in ground-floor air conditioner compressor unit.,"Fire consumed the single wooden staircase and rubber tires stored on the roof, trapping 50-70 students in the top-floor coaching class.",19 fire tenders and 2 hydraulic platforms extinguished the fire within 1 hour.,Statewide shutdown and audit ordered for all private coaching centers in Gujarat; negligent fire officials suspended and builders arrested.,Hydraulic platforms rescued students; local bystanders caught students jumping from upper windows using makeshift nets and ladders.,domestic_india,structural_fire
38,"Incident 39: Arpit Palace Hotel Fire - Karol Bagh, New Delhi",12 February 2019,"Karol Bagh, New Delhi",5-storey hotel with illegal rooftop canopy,17 killed | 11 injured,"Approx. Rs 3-5 Crore | Hotel rooms, wooden paneling, roof structure",Electrical short circuit in a room air conditioner unit.,Highly combustible wooden wall paneling in corridors allowed smoke and fire to trap sleeping guests; emergency exits were locked or hidden.,"25 fire tenders fought the blaze, bringing it under control in 3 hours.",Delhi Government revoked fire NOCs for hotels with illegal rooftop kitchens or combustible fiber structures.,Hydraulic platforms rescued 35 guests through upper windows; firefighters broke through locked doors to extract trapped survivors.,domestic_india,structural_fire
39,Grenfell Tower Fire (United Kingdom),"June 14, 2017","West London, United Kingdom",24-storey high-rise residential apartment block.,"72 fatalities, 70+ non-fatal injuries",hundreds of millions of pounds in direct damage and legal claims.,"An electrical short circuit in a 4th-floor fridge-freezer ignited exterior Aluminium Composite Material (ACM) cladding, carrying flames vertically and horizontally across the facade within minutes.","An electrical short circuit in a 4th-floor fridge-freezer ignited exterior Aluminium Composite Material (ACM) cladding, carrying flames vertically and horizontally across the facade within minutes.","Responding crews initially attempted internal hose-line suppression on the 4th floor, but the fire quickly breached external windows. High-reach aerial monitors were deployed late due to street access limitations, and firefighters faced severe pressure drops when trying to supply water to upper levels.","Passive fire protection failed because exterior cladding and insulation were highly combustible, bypassing structural compartmentation. Active suppression was non-existent as the building lacked an automatic sprinkler system and possessed only a single internal stairwell without wet rising mains.","Evacuation was severely delayed by dispatcher adherence to a standard 'Stay Put' policy for over two hours after compartmentation breached. 223 occupants escaped independently or were pulled out by firefighters through dense, smoke-filled stairwells before visibility dropped to zero.",international_reference,structural_fire
40,Lahaina Wildfire (United States),"August 8–16, 2023","Maui, Hawaii, United States",Wildland-Urban Interface (WUI) residential and commercial district.,"102 fatalities, 67+ injuries","$5.5 billion in damages with 2,207 structures destroyed.","Gale-force winds from offshore Hurricane Dora knocked live power lines into dry non-native vegetation, driving embers into wood-frame historic structures.","Gale-force winds from offshore Hurricane Dora knocked live power lines into dry non-native vegetation, driving embers into wood-frame historic structures.",Firefighting forces were overwhelmed by simultaneous ignitions across Maui. Extinguishment efforts collapsed in downtown Lahaina after municipal water mains lost pressure due to melted residential supply pipes.,"Land management lacked effective vegetation buffers, and utilities lacked automated high-wind power shutoff mechanisms. Urban structures lacked fire-resistant roof assemblies or ember-deflecting perimeter screens.","Emergency sirens were never activated to alert residents. Evacuation routes became bottlenecked on the single coastal highway, forcing dozens of trapped citizens to jump into the Pacific Ocean, where they were rescued by the U.S. Coast Guard and civilian boats.",international_reference,structural_fire
41,Kiss Nightclub Fire (Brazil),"January 27, 2013","Santa Maria, Rio Grande do Sul, Brazil",Commercial Nightclub & Entertainment Venue.,"242 fatalities, 630 injuries",total internal destruction of the venue.,"Stage pyrotechnics ignited non-fire-retardant polyurethane acoustic foam on the ceiling, rapidly emitting lethal levels of hydrogen cyanide gas.","Stage pyrotechnics ignited non-fire-retardant polyurethane acoustic foam on the ceiling, rapidly emitting lethal levels of hydrogen cyanide gas.","On-stage staff tried to extinguish the flames using handheld fire extinguishers, but the units failed to operate. Fire units arriving at the scene had to breach exterior walls with sledgehammers to vent toxic smoke and gain access to the interior.","Passive safety was undermined by toxic, highly flammable interior ceiling foam. The building lacked automatic overhead fire sprinklers, smoke extractors, central fire alarms, or illuminated directional exit signs.","Security guards initially locked the primary exit doors to prevent unpaid bar tabs before realizing the severity of the fire. Overcrowding caused a massive bottleneck crush at the single main exit door, while over 100 disoriented victims died inside restrooms after mistaking them for emergency exits.",international_reference,structural_fire
42,Tianjin Port Explosions & Fire (China),"August 12, 2015","Binhai New Area, Tianjin, China",Hazardous Chemical Logistics Storage Facility.,"173 fatalities (including 104 firefighters), 798 injuries",over $9 billion in supply chain and property losses.,"Overheated containers of dry nitrocellulose spontaneously ignited, spreading to adjacent stockpiles of ammonium nitrate and sodium cyanide, triggering two massive industrial explosions.","Overheated containers of dry nitrocellulose spontaneously ignited, spreading to adjacent stockpiles of ammonium nitrate and sodium cyanide, triggering two massive industrial explosions.","Initial responding firefighters inadvertently sprayed water on stored calcium carbide, generating explosive acetylene gas that escalated the blaze. Extinguishment was eventually achieved days later using mass applications of dry sand and chemical foam.","Hazardous material storage exceeded legal capacities, and buffer zones were violated by placing chemical yards within 500 meters of residential units. Facility containment basins failed to prevent toxic runoff into local waterways.","Shockwaves flattened surrounding structures, forcing immediate mass evacuations within a 3-kilometer radius. Military Nuclear, Biological, and Chemical (NBC) teams executed specialized search-and-rescue operations to isolate cyanide contamination.",international_reference,structural_fire
43,The Station Nightclub Fire (United States),"February 20, 2003","West Warwick, Rhode Island, United States",Single-storey wood-frame Nightclub.,"100 fatalities, 230 injuries",complete structural collapse in under six minutes.,Pyrotechnic stage sparks ignited flammable soundproofing foam installed on walls and ceilings behind the stage.,Pyrotechnic stage sparks ignited flammable soundproofing foam installed on walls and ceilings behind the stage.,"Arriving fire crews found the structure completely engulfed in flashover within five minutes, forcing an immediate shift from offensive interior tactics to defensive exterior master stream operations.","The venue was grandfathered out of mandatory automatic sprinkler installation based on legacy occupancy ratings. Interior finishes utilized cheap, unrated polyurethane acoustic foam that released extreme heat and toxic smoke upon ignition.","Over two-thirds of the 462 patrons rushed toward the narrow front entrance corridor through which they entered. A severe bottleneck occurred at the front door, creating a crowd crush that trapped people in the doorway as thermal conditions deteriorated.",international_reference,structural_fire
44,Usindiso Building Fire (South Africa),"August 31, 2023","Johannesburg, South Africa",5-storey hijacked municipal residential building.,"77 fatalities, 88 injuries",structural gutting of the interior.,"An open flame (cooking fire or arson) ignited combustible materials within informal internal shacks, spreading rapidly through hallways.","An open flame (cooking fire or arson) ignited combustible materials within informal internal shacks, spreading rapidly through hallways.",Fire crews struggled to reach interior spaces due to narrow access roads blocked by informal street structures. Internal firefighting was hindered by a complete lack of operational standpipes or water connections inside the building.,"Passive compartmentation had been dismantled by occupants using flammable wood, cardboard, and sheet metal to erect internal partitions. Active suppression systems, alarms, and smoke vents were absent.","Escape routes were physically blocked by locked metal security gates installed by local syndicates. Multiple occupants jumped from 3rd and 4th-floor windows to escape the flames, while firefighters rescued trapped survivors via external turntable ladders.",international_reference,structural_fire
45,Qaraqosh Wedding Hall Fire (Iraq),"September 26, 2023","Qaraqosh, Nineveh Governorate, Iraq",Commercial Event & Assembly Hall.,"107 fatalities, 82 injuries",total roof collapse.,"Indoor pyrotechnic flares ignited low-cost Ecobond ceiling panels, dropping flaming debris on attendees and triggering rapid structural failure.","Indoor pyrotechnic flares ignited low-cost Ecobond ceiling panels, dropping flaming debris on attendees and triggering rapid structural failure.",Responding fire brigades arrived after the prefabricated ceiling had already collapsed. Firefighting focused on cooling fallen structural debris to allow rescue teams to locate victims buried underneath.,"The hall was constructed using highly flammable, non-compliant aluminum composite cladding panels that violated basic building codes. The facility operated without active sprinklers, portable extinguishers, or automated smoke ventilation.","Management disconnected the central electrical breaker during panic, plunging 1,000+ patrons into total darkness. Evacuation was severely bottlenecked by narrow exit doors; emergency crews eventually used bulldozers to punch holes through exterior walls to rescue survivors.",international_reference,structural_fire
46,Campanar High-Rise Fire (Spain),"February 22, 2024","Valencia, Spain",14-storey residential twin tower complex (138 units).,"10 fatalities, 15 injuries",total destruction of 138 apartments.,"An electrical fault in an exterior balcony awning motor ignited flammable polyurethane core cladding, spreading across both towers within 30 minutes due to 40 mph winds.","An electrical fault in an exterior balcony awning motor ignited flammable polyurethane core cladding, spreading across both towers within 30 minutes due to 40 mph winds.","Strong wind gusts deflected hose streams from aerial ladders, allowing the fire to rapidly race up the exterior. Firefighters deployed defensive perimeter master streams once interior stairwells became untenable.","Building design incorporated continuous vertical rain-screen air gaps behind flammable Aluminium Composite Material (ACM), creating a chimney effect that bypassed internal concrete compartment walls. No automated exterior sprinklers were installed.","Early responding firefighters conducted rapid door-to-door notifications, saving the vast majority of residents before corridors filled with smoke. Firefighters used crane-mounted aerial platforms to perform high-risk balcony rescues of trapped occupants on upper floors.",international_reference,structural_fire
47,Notre-Dame Cathedral Fire (France),"April 15, 2019","Paris, France",Historic Monument & Cathedral.,"0 fatalities, 3 injuries",destruction of spire and roof timber framework; restoration costs exceeding $1 billion.,An electrical short circuit or discarded cigarette on scaffolding ignited dry 12th-century oak timber roof framing ('the forest').,An electrical short circuit or discarded cigarette on scaffolding ignited dry 12th-century oak timber roof framing ('the forest').,"Aerial water drops were ruled out to prevent structural collapse of the masonry vaults. Over 400 firefighters deployed low-pressure hose lines supplied by Seine River water, using remote-controlled crawler robots inside the nave to fight falling timber debris.",Automatic sprinklers and fire-stop bulkheads had been omitted from the attic during past restorations to preserve historic timbers. Early fire detection was delayed by complex alarm panel codes that caused a 20-minute response lag.,"Security guards successfully cleared all tourists and clergy from the cathedral floor upon the second alarm. Firefighters executed a high-risk interior defense inside the stone bell towers, preventing the collapse of the heavy bronze bells and saving the main facade.",international_reference,structural_fire
48,Mangaf Building Fire (Kuwait),"June 12, 2024","Mangaf, Ahmadi Governorate, Kuwait",6-storey residential building housing 196 migrant workers.,"49 fatalities, 50 injuries",extensive internal smoke damage.,"An electrical short circuit in a ground-floor guardroom/kitchen area ignited stored combustibles, sending superheated smoke up the central vertical shaft.","An electrical short circuit in a ground-floor guardroom/kitchen area ignited stored combustibles, sending superheated smoke up the central vertical shaft.",Fire crews deployed internal hose attack lines from the ground floor upward while using exterior ladders to ventilate upper windows and knock down localized flames.,"Building code violations were extensive, including structural alterations that partitioned living spaces with flammable materials. The building lacked operational smoke alarms, fire doors, or sprinkler suppression systems.","The single exit door to the roof was padlocked, trapping occupants on the upper stairwell landings. Most victims died from toxic smoke inhalation in their sleep or in corridors while attempting to find an open escape route.",international_reference,structural_fire
49,Nanjing Residential Building Fire (China),"February 23, 2024","Yuhuatai District, Nanjing, China",34-storey high-rise residential apartment tower.,"15 fatalities, 44 injuries",severe fire damage across multiple upper apartments.,"A lithium-ion battery in an electric bicycle self-ignited on the ground-floor parking area, spreading flames up the building's open vertical lightwell.","A lithium-ion battery in an electric bicycle self-ignited on the ground-floor parking area, spreading flames up the building's open vertical lightwell.",Fire brigades used high-pressure risers and aerial platform streams to combat simultaneous fire entries on multiple residential floors driven by the chimney effect in the lightwell.,Improper storage and indoor charging of e-bikes in common ground-floor zones violated fire safety regulations. Open lightwell architecture lacked fire-rated glass or horizontal draft stops to prevent vertical smoke transport.,"Thick smoke rendered common interior stairwells impassable. Firefighters rescued dozens of residents using smoke masks and ladder trucks, while occupants on upper floors were advised to seal their doors and wait for rescue.",international_reference,structural_fire
50,Joelma Building Fire (Brazil),"February 1, 1974","São Paulo, Brazil",25-storey high-rise commercial office building.,"179 fatalities, 300+ injuries",extensive interior structural damage.,An electrical short circuit in a 12th-floor window air conditioning unit ignited flammable office draperies and synthetic interior furnishings.,An electrical short circuit in a 12th-floor window air conditioning unit ignited flammable office draperies and synthetic interior furnishings.,"Municipal fire pumps lacked sufficient pressure to reach upper floors, forcing firefighters to rely on manual hose hauls up exterior ladders under severe thermal radiation.","The building lacked fire doors, emergency stairwell pressurization, automatic sprinklers, or external fire escapes. Open internal stairwells allowed rapid vertical spread to upper floors.","Hundreds fled to the rooftop, but the building lacked a proper helipad, preventing air rescues due to intense heat and turbulence. Dozens of trapped occupants leaped from upper-floor windows before firefighters could deploy rescue nets.",international_reference,structural_fire
51,Daegu Subway Fire (South Korea),"February 18, 2003","Daegu, South Korea",Underground Mass Transit System & Station.,"192 fatalities, 151 injuries",destruction of two 6-car trains and Jungangno Station.,"Arson; an individual ignited a container of gasoline inside a stopped train car, spreading fire to a second train arriving on the adjacent track.","Arson; an individual ignited a container of gasoline inside a stopped train car, spreading fire to a second train arriving on the adjacent track.","Firefighters fought dense toxic smoke and complete darkness underground, utilizing thermal imaging and specialized breathing apparatus to reach the station platform level.","Interior train cars were made of highly flammable vinyl, plastic floor tiles, and toxic PVC insulation that released thick hydrogen chloride gas. Station ventilation fans failed to reverse airflow to purge smoke.","The driver of the second train pulled the master key upon evacuating, locking the doors and trapping passengers inside burning cars. Station emergency lighting failed, forcing victims to feel along walls in complete darkness to find exits.",international_reference,structural_fire
52,Great Chicago Fire (United States),"October 8–10, 1871","Chicago, Illinois, United States","Municipal Urban Center (residential, commercial, industrial).","~300 fatalities, 100,000 left homeless","$200 million in damage (17,400 structures destroyed).","Undetermined small fire in a barn, carried rapidly across wooden sidewalks and wood-shingle roofs by strong southwesterly winds and prolonged drought conditions.","Undetermined small fire in a barn, carried rapidly across wooden sidewalks and wood-shingle roofs by strong southwesterly winds and prolonged drought conditions.","Exhausted fire crews using steam-powered engines were deployed to incorrect locations due to watchtower dispatch errors. Extinguishment collapsed when the central municipal waterworks burned, severing hose pressure.",City building codes allowed predominant wood-frame construction and wooden roof shingles without firebreaks or spark arrestors. Water distribution networks relied on vulnerable wooden supply mains.,"Over 100,000 citizens fled toward open spaces in Lincoln Park and the shores of Lake Michigan. Rescue operations were decentralized, carried out primarily by citizens and horse-drawn civilian transports.",international_reference,structural_fire
53,Triangle Shirtwaist Factory Fire (United States),"March 25, 1911","Manhattan, New York, United States",Industrial Garment Manufacturing Factory (8th–10th floors).,"146 fatalities, 70 injuries",upper-floor factory destruction.,"A discarded match ignited scrap fabric bins on the 8th floor, spreading rapidly through suspended cloth rolls and sewing tables.","A discarded match ignited scrap fabric bins on the 8th floor, spreading rapidly through suspended cloth rolls and sewing tables.","Firefighters arrived within four minutes, but municipal ladder trucks could only reach the 6th floor. High-pressure hose streams were unable to penetrate the upper floor windows effectively from street level.",The factory lacked automatic sprinklers or fire-rated storage containers. Interior stairwell exit doors were locked shut by management to prevent unauthorized worker breaks and material theft.,"The single exterior metal fire escape collapsed under the weight of fleeing workers. Trapped by locked doors and advancing flames, 62 workers jumped from 8th and 9th-floor windows to the sidewalk below.",international_reference,structural_fire
54,Cocoanut Grove Fire (United States),"November 28, 1942","Boston, Massachusetts, United States",Indoor Nightclub & Dining Establishment.,"492 fatalities, 166 injuries",total interior burnout.,"An open flame match used by a worker ignited decorative paper palm trees and cloth ceiling draperies, generating toxic gases from artificial leather wall paneling.","An open flame match used by a worker ignited decorative paper palm trees and cloth ceiling draperies, generating toxic gases from artificial leather wall paneling.","Fire units responding to an unrelated street fire nearby arrived almost immediately, using multiple handlines to extinguish the blaze within 30 minutes of arrival.","Interior finishes consisted of highly flammable paper, fabric, and toxic plastics without flame-retardant chemical treatment. The venue operated without automatic sprinklers or emergency lighting systems.","The main exit was a single revolving door that quickly jammed under the pressure of panicked crowds, creating a pileup behind it. Alternative exit doors were locked, bolted, or hidden behind decorative wall drapes.",international_reference,structural_fire
55,Hartford Circus Fire (United States),"July 6, 1944","Hartford, Connecticut, United States",Temporary Canvas Circus Tent.,"167 fatalities, 700+ injuries.",Not documented in available sources,"A small flame on a tent sidewall ignited canvas that had been waterproofed using paraffin wax dissolved in gasoline, consuming the roof overhead within eight minutes.","A small flame on a tent sidewall ignited canvas that had been waterproofed using paraffin wax dissolved in gasoline, consuming the roof overhead within eight minutes.",Municipal fire units were alerted quickly but arrived to find the tent roof completely consumed. Extinguishment focused on cooling surrounding support structures and smoldering bleachers.,"The tent canvas lacked flame-retardant treatment, relying instead on volatile petroleum-based waterproofing. No active fire watch or hose lines were positioned inside the tent during the performance.",Egress corridors were blocked by heavy iron animal cages positioned in the entry chutes. Panicked spectators tumbled off high wooden bleachers while trying to drop under the tent walls to safety.,international_reference,structural_fire
56,L'Innovation Department Store Fire (Belgium),"May 22, 1967","Brussels, Belgium",5-storey retail department store.,"251 fatalities, 62 injuries",complete structural destruction.,"A gas leak or faulty light fixture in a storage area ignited merchandise, rapidly spreading through open multi-storey architectural atriums.","A gas leak or faulty light fixture in a storage area ignited merchandise, rapidly spreading through open multi-storey architectural atriums.","Firefighters were delayed by dense downtown traffic and narrow access streets. Once on scene, hose streams were unable to reach deep interior core areas due to high heat and structural collapse.","The store lacked automatic fire sprinklers, fire separation walls, or automatic smoke dampers, allowing unhindered vertical flame travel through open light shafts.",Shoppers became disoriented in the maze-like floor layouts without clear emergency exit signage. Dozens jumped from upper-storey windows onto glass awnings or street pavement before rescue ladders could be positioned.,international_reference,structural_fire
57,Our Lady of the Angels School Fire (United States),"December 1, 1958","Chicago, Illinois, United States",Elementary School Building.,"95 fatalities (92 students, 3 teachers)",destruction of the upper-floor wing.,"A trash fire in a basement cardboard bin burned undetected for 20 minutes before breaking into an open wooden stairwell, channeling superheated gas to the 2nd floor.","A trash fire in a basement cardboard bin burned undetected for 20 minutes before breaking into an open wooden stairwell, channeling superheated gas to the 2nd floor.","Responding fire companies initiated aggressive interior attacks and ladder rescues simultaneously, knocking down the main body of fire within one hour of arrival.","The building lacked automatic sprinklers, direct fire alarm connections to the municipal station, or fire-rated stairwell doors, allowing hot toxic gas to fill 2nd-floor corridors before discovery.","Ground-floor occupants evacuated safely, but 2nd-floor students were cut off by dense smoke in the hallway. Teachers kept students in classrooms until rescue, but many jumped from 2nd-floor windows before ladder trucks arrived.",international_reference,structural_fire
58,Beverly Hills Supper Club Fire (United States),"May 28, 1977","Southgate, Kentucky, United States",Multi-room Resort & Dinner Theater Complex.,"165 fatalities, 200+ injuries",total structural collapse.,An electrical fault inside a wall cavity in the Zebra Room burned undetected before flashing over into ceiling voids and racing into the crowded Cabaret Room.,An electrical fault inside a wall cavity in the Zebra Room burned undetected before flashing over into ceiling voids and racing into the crowded Cabaret Room.,"Arriving fire departments established master stream operations using rural water tenders, but interior structural collapses forced crews into a defensive mode to protect adjacent exposures.","The complex lacked automatic sprinklers and a centralized fire alarm system. Permitted occupancy levels were routinely exceeded, with over 3,000 patrons present in a space rated for significantly fewer.","Evacuation alerts were delayed while staff attempted to fight the fire independently. Patrons in the overcrowded Cabaret Room crowded into narrow exit corridors, resulting in lethal crushing at exit doors.",international_reference,structural_fire
59,MGM Grand Hotel Fire (United States),"November 21, 1980","Las Vegas, Nevada, United States",26-storey High-Rise Hotel & Casino Complex.,"85 fatalities, 700+ injuries",tens of millions in direct property damage.,"An electrical short circuit in ground-floor restaurant wiring caused flashover in the un-sprinklered casino, sending carbon monoxide and smoke up vertical building shafts.","An electrical short circuit in ground-floor restaurant wiring caused flashover in the un-sprinklered casino, sending carbon monoxide and smoke up vertical building shafts.",Firefighters executed an aggressive interior assault across the casino floor while simultaneously clearing stairwells. High-pressure monitors extinguished the ground-floor fireball within two hours.,Automatic sprinklers were not installed in the main casino or restaurant areas due to local code exemptions for 24-hour operations. Unsealed seismic joints allowed smoke to bypass floor slabs.,"Stairwell doors locked automatically from the inside for security, trapping fleeing guests in smoke-filled vertical shafts. Over 300 occupants were rescued from the roof using military and civilian helicopters.",international_reference,structural_fire
60,King's Cross Station Fire (United Kingdom),"November 18, 1987","London, United Kingdom",Underground Mass Transit Station.,"31 fatalities, 100+ injuries",destruction of the sub-surface ticket hall.,"A lit match dropped through wooden escalator treads ignited accumulated grease underneath, causing a flash fire into the ticket hall via the 'Trench Effect.'","A lit match dropped through wooden escalator treads ignited accumulated grease underneath, causing a flash fire into the ticket hall via the 'Trench Effect.'",Firefighters entering the underground complex faced superheated air and flashover conditions in the ticket hall. The blaze was extinguished using high-pressure hose lines supplied by surface hydrants.,"The wooden escalator structure had accumulated combustible grease and debris, and safety water fog nozzles beneath the tracks were unmaintained and non-functional.","Station staff lacked formal fire emergency training, leading to delayed underground evacuations. Commuters walking up into the ticket hall were engulfed by the sudden explosion of flames coming up the escalator shaft.",international_reference,structural_fire
61,Piper Alpha Oil Rig Disaster (United Kingdom),"July 6, 1988","North Sea, Off the coast of Scotland",Offshore Oil & Gas Production Platform.,167 fatalities,total platform destruction; £1.7 billion in financial losses.,"A condensate pump was turned on without knowledge that its safety relief valve had been removed, causing gas leaks that triggered a series of catastrophic explosions.","A condensate pump was turned on without knowledge that its safety relief valve had been removed, causing gas leaks that triggered a series of catastrophic explosions.",Extinguishment efforts by specialized firefighting vessels were ineffective due to high-pressure gas jet fires fed continuously by connected regional subsea pipelines (Tartan and Claymore).,"Automatic fire deluge pumps were switched to manual mode to protect underwater maintenance divers, preventing automated deluge activation. Firewalls were designed for oil fires and collapsed under gas explosions.","Heat and smoke destroyed the central radio room and helideck early in the event, preventing organized evacuation. Survival depended on workers jumping over 30 meters into the icy North Sea to be picked up by fast rescue craft.",international_reference,structural_fire
62,Happy Land Nightclub Fire (United States),"March 25, 1990","Bronx, New York, United States",Unlicensed Two-Storey Nightclub.,"87 fatalities, 6 injuries",interior gutting of the structure.,"Arson; an evicted patron poured gasoline over the single wooden access staircase and ignited it, trapping patrons on the second floor.","Arson; an evicted patron poured gasoline over the single wooden access staircase and ignited it, trapping patrons on the second floor.","Firefighters arrived within three minutes of the alarm and quickly extinguished the staircase fire using handlines, but interior flashover had already occurred.","The club operated illegally without building permits, automatic sprinklers, fire alarms, illuminated exit signs, or mandatory secondary emergency exits.","With the primary wooden stairwell ablaze, patrons on the 2nd floor were cut off from escape. Smoke inhalation caused rapid unconsciousness, resulting in 87 fatalities within minutes.",international_reference,structural_fire
63,Lame Horse Nightclub Fire (Russia),"December 5, 2009","Perm, Russia",Commercial Nightclub & Restaurant.,"156 fatalities, 160+ injuries.",Not documented in available sources,"Stage pyrotechnic sparks ignited low-hanging wooden twigs and synthetic ceiling decorations, generating dense hydrocyanic acid smoke.","Stage pyrotechnic sparks ignited low-hanging wooden twigs and synthetic ceiling decorations, generating dense hydrocyanic acid smoke.","Responding fire brigades deployed interior search teams equipped with breathing apparatus, using handlines to extinguish the ceiling and interior partitions.",The venue incorporated unrated combustible interior decorations and soundproofing foam. Building management had ignored repeated fire safety warnings regarding blocked exit doors.,"Patrons rushed toward the single main exit door, causing a severe bottleneck crush. Secondary emergency exits were concealed behind stage scenery or locked shut, trapping over half the occupants inside.",international_reference,structural_fire
64,Shanghai High-Rise Building Fire (China),"November 15, 2010","Jing'an District, Shanghai, China",28-storey residential apartment tower.,"58 fatalities, 70+ injuries",total structural gutting.,Unlicensed welding sparks fell onto flammable polyurethane insulation and nylon safety netting surrounding exterior renovation scaffolding.,Unlicensed welding sparks fell onto flammable polyurethane insulation and nylon safety netting surrounding exterior renovation scaffolding.,Ground-based water monitors lacked the pressure to reach upper floors. Firefighting relied on aerial platforms and ladder trucks to apply water to the exterior facade.,Highly flammable polyurethane insulation was applied to exterior walls without vertical fire barriers or flame-retardant exterior netting.,"Scaffolding mesh blocked apartment windows, preventing ventilation and trapping occupants inside. Firefighters used rooftop helicopters and turntable ladders to rescue survivors who managed to reach upper levels.",international_reference,structural_fire
65,Tazreen Fashions Factory Fire (Bangladesh),"November 24, 2012","Ashulia, Dhaka, Bangladesh",9-storey Garment Manufacturing Plant.,"112 fatalities, 200+ injuries.",Not documented in available sources,"An electrical short circuit in a ground-floor fabric storage warehouse ignited apparel stockpiles, sending toxic smoke up open interior stairwells.","An electrical short circuit in a ground-floor fabric storage warehouse ignited apparel stockpiles, sending toxic smoke up open interior stairwells.","Fire crews faced narrow access roads and lack of local fire hydrants, relying on water tenders pumped from distant surface ponds to suppress the fire over several hours.","The factory lacked automatic fire sprinklers, fire-rated stairwell enclosures, or external emergency fire escapes. Combustible materials were stored along egress routes.","Managers ordered workers to remain at their sewing machines, claiming the fire alarm was a false drill. Exit doors on upper floors were padlocked to prevent theft, forcing workers to break windows and jump to survive.",international_reference,structural_fire
66,Ali Enterprises Garment Factory Fire (Pakistan),"September 11, 2012","Baldia Town, Karachi, Pakistan",Industrial Textile Factory.,"260 fatalities, 55+ injuries",structural gutting.,"Arson (incendiary chemical device used by extortionists), accelerating rapidly through packed raw cotton, synthetic fabrics, and finished garments.","Arson (incendiary chemical device used by extortionists), accelerating rapidly through packed raw cotton, synthetic fabrics, and finished garments.","Fire brigades deployed multiple engine companies, but suppression was delayed by inadequate water pressure and heavy security barriers around the facility perimeter.","Factory windows were permanently enclosed with iron security bars, and building plans lacked basic fire protection features such as sprinklers, smoke vents, or compartmentalization.","Emergency exit doors were locked shut by management, leaving only one narrow exit door open. The single exit became blocked by fire, trapping hundreds of workers on upper floors who succumbed to toxic fumes.",international_reference,structural_fire
67,Colectiv Nightclub Fire (Romania),"October 30, 2015","Bucharest, Romania",Nightclub inside a converted industrial complex.,"64 fatalities, 146 injuries.",Not documented in available sources,"Stage pyrotechnics ignited uninsulated polyurethane acoustic foam covering concrete pillars, spreading across the wooden ceiling cladding within 30 seconds.","Stage pyrotechnics ignited uninsulated polyurethane acoustic foam covering concrete pillars, spreading across the wooden ceiling cladding within 30 seconds.","Emergency medical and fire crews arrived quickly, establishing an exterior staging area for medical triage while deploying handlines to extinguish the interior structure.","The venue operated without fire safety authorization permits from local authorities, relying on cheap, non-flame-retardant foam insulation without automatic sprinkler protection.","The venue had only one functional single-leaf exit door unlocked, while the secondary door leaf remained bolted shut. A severe crowd crush occurred at the exit, trapping occupants in dense toxic smoke.",international_reference,structural_fire
68,Oakland Ghost Ship Fire (United States),"December 2, 2016","Oakland, California, United States",Converted Industrial Warehouse / Live-Work Artist Collective.,36 fatalities,structural interior destruction.,Electrical grid overloading from uncertified electrical wiring installations.,Electrical grid overloading from uncertified electrical wiring installations.,"Firefighters initially attempted an offensive interior attack, but structural instability, high fuel loads, and collapsing mezzanine floors forced a shift to defensive exterior operations.","The warehouse lacked automatic fire sprinklers, smoke detectors, fire-rated walls, or clear egress corridors. The interior was densely packed with wooden pallets, RVs, textiles, and furniture.","Egress from the 2nd floor was limited to a single makeshift staircase built from wooden shipping pallets. The staircase quickly burned away and filled with dense smoke, cutting off escape for patrons attending a musical event.",international_reference,structural_fire
69,Winter Cherry Shopping Centre Fire (Russia),"March 25, 2018","Kemerovo, Russia",Multi-storey Commercial Shopping & Entertainment Complex.,"64 fatalities (including 41 children), 79 injuries.",Not documented in available sources,"An electrical short circuit in ceiling wiring dropped molten plastic onto a 4th-floor children's trampoline foam pit, generating thick black foam smoke.","An electrical short circuit in ceiling wiring dropped molten plastic onto a 4th-floor children's trampoline foam pit, generating thick black foam smoke.","Responding fire companies encountered dense black smoke and toxic gases throughout the upper levels, using hose lines and breathing apparatus to reach upper cinema rooms.","The automated fire alarm system had been manually deactivated by security guards, and fire suppression systems were non-functional. Building alterations had breached fire walls.","Fire doors to multiple movie auditoriums were locked from the outside, trapping moviegoers. Public address notifications were never issued, delaying evacuation until corridors were fully smoke-logged.",international_reference,structural_fire
70,Camp Fire (United States),"November 8, 2018","Butte County (Paradise), California, United States",Rural Towns & Wildland-Urban Interface (WUI).,"85 fatalities, 12 injuries","$16.5 billion in damages (18,804 structures destroyed).","Structural failure of a C-hook on a high-voltage electrical transmission tower ignited dry brush, driven across the town of Paradise by 50+ mph winds.","Structural failure of a C-hook on a high-voltage electrical transmission tower ignited dry brush, driven across the town of Paradise by 50+ mph winds.","Firefighting agencies utilized air tankers, bulldozers, and engine strike teams, but direct extinguishment was impossible until weather conditions calmed days later.","Rural communities lacked adequate defensive space buffers, ember-resistant home building standards, and underground distribution utilities.",Evacuation orders were hindered by burning cell towers and jammed single-lane exit roads. Emergency personnel conducted evacuations while navigating through fallen power lines and burning vehicles.,international_reference,structural_fire
71,Beirut Port Explosion & Fire (Lebanon),"August 4, 2020","Port of Beirut, Lebanon",Industrial Port Warehouse Complex.,"218+ fatalities, 7,000+ injuries",$15+ billion in economic damage.,"Work sparks ignited stored fireworks inside Warehouse 12, spreading to an adjacent storage of 2,750 tonnes of unsafely stored ammonium nitrate, triggering a massive explosion.","Work sparks ignited stored fireworks inside Warehouse 12, spreading to an adjacent storage of 2,750 tonnes of unsafely stored ammonium nitrate, triggering a massive explosion.",The initial firefighting team dispatched to Warehouse 12 was killed instantly by the secondary explosion. Subsequent operations focused on mass urban search-and-rescue and port fire isolation.,"Hazardous agricultural chemicals were stored alongside volatile explosives without structural segregation, fire suppression infrastructure, or regulatory oversight.","The blast wave destroyed surrounding urban neighborhoods, creating thousands of severe trauma casualties. Emergency medical response was handled by military units, civilian volunteers, and international urban search team operations.",international_reference,structural_fire
72,Gothenburg Nightclub Fire (Sweden),"October 29, 1998","Gothenburg, Sweden",Rented Community Assembly Hall.,"63 fatalities, 213 injuries.",Not documented in available sources,"Arson; paper and furniture were set alight in a rear emergency exit stairwell, sending flames and toxic smoke directly into the main dance hall.","Arson; paper and furniture were set alight in a rear emergency exit stairwell, sending flames and toxic smoke directly into the main dance hall.","Fire brigades arrived within six minutes, deploying handlines up the main access stairwell and using turntable ladders to rescue victims from upper windows.","The hall had an approved capacity of 150 people, but over 380 patrons were inside. The hall lacked automatic fire sprinklers or tamper-proof exit door security.","With the rear emergency exit blocked by the arson fire, fleeing patrons surged toward the single main entrance door, causing a severe crowd crush. Dozens broke high, narrow windows to jump to safety.",international_reference,structural_fire
73,Kaprun Funicular Fire (Austria),"November 11, 2000","Kaprun, Salzburg State, Austria",Alpine Funicular Railway Inside Mountain Tunnel.,"155 fatalities, 12 survivors",total destruction of the funicular train.,"An unauthorized fan heater ignited leaking hydraulic oil lines in the rear driver cabin, catching fire inside a 3.3-kilometer inclined mountain tunnel.","An unauthorized fan heater ignited leaking hydraulic oil lines in the rear driver cabin, catching fire inside a 3.3-kilometer inclined mountain tunnel.","Firefighters entered the tunnel from both upper and lower portals equipped with extended-duration rebreathers, but extreme heat and toxic gas prevented access to the train for hours.","The train car lacked interior automatic fire suppression, smoke detectors, portable fire extinguishers, or manual emergency door opening mechanisms accessible to passengers.","Trapped passengers were unable to open the sealed hydraulic train doors until a survivor smashed a reinforced window. The 12 passengers who evacuated downward past the fire survived, while all passengers who fled upward died from smoke drawn up the tunnel's natural chimney draft.",international_reference,structural_fire
74,Santika Club Fire (Thailand),"January 1, 2009","Watthana, Bangkok, Thailand",Commercial Entertainment Nightclub.,"66 fatalities, 222 injuries",total interior burnout.,"Indoor New Year pyrotechnics or electrical shorting ignited ceiling insulation, dropping burning synthetic material onto crowded dance floors below.","Indoor New Year pyrotechnics or electrical shorting ignited ceiling insulation, dropping burning synthetic material onto crowded dance floors below.","Multiple fire engines deployed hose lines to control the blaze, but interior structural collapses forced crews to conduct defensive master stream suppression from outside.","Ground-floor windows were fitted with heavy steel security bars. Dedicated emergency fire exits were locked shut to prevent unpaid entry, and no sprinklers were installed.","Public egress was restricted to a single main entrance door that opened inward, creating a lethal bottleneck as hundreds of fleeing patrons surged forward in total darkness.",international_reference,structural_fire
75,Windsor Tower Fire (Spain),"February 12, 2005","Madrid, Spain",32-storey High-Rise Commercial Office Building.,"0 fatalities, 7 injuries",total structural collapse of upper steel floor plates.,"An electrical short circuit on the 21st floor ignited office furnishings, spreading upward along the perimeter glass facade.","An electrical short circuit on the 21st floor ignited office furnishings, spreading upward along the perimeter glass facade.","Firefighters initially conducted an interior attack, but falling concrete and collapsing steel floor frames forced an evacuation of all personnel to establish a defensive ground perimeter.","Building retrofits for automatic fire sprinklers were incomplete at the time of the fire. The central reinforced concrete core remained intact, preventing total global collapse.","Because the fire broke out late on a weekend evening, the building was largely empty. Security staff evacuated the few remaining occupants before smoke filled the central core stairwells.",international_reference,structural_fire
76,Garley Building Fire (Hong Kong),"November 20, 1996","Jordan, Kowloon, Hong Kong",16-storey Commercial Office & Retail Building.,"41 fatalities, 80 injuries",multi-floor interior burnout.,"Hot-work welding sparks inside an elevator shaft dropped onto combustible construction debris at the basement level, sending fire and smoke up the open shaft.","Hot-work welding sparks inside an elevator shaft dropped onto combustible construction debris at the basement level, sending fire and smoke up the open shaft.","Firefighters fought the blaze using high-reach aerial monitors and internal hose lines under severe heat, elevating the fire to a 5-alarm incident over a 20-hour operation.","Automatic sprinkler systems had been shut down for elevator renovation work. Fire-rated doors on multiple upper floors were propped open, allowing smoke to enter office hallways.",Building occupants ignored initial fire alarms due to ongoing maintenance testing. Firefighters used snorkel ladders to pull trapped survivors from upper-floor windows as interior hallways burned.,international_reference,structural_fire
77,Los Alfaques Tanker Disaster (Spain),"July 11, 1978","Alcàniss, Tarragona, Spain",Industrial Transport / Coastal Campsite Area.,"217 fatalities, 200+ severe burn injuries",complete destruction of the adjacent campsite.,"An overfilled tank truck carrying 23 tonnes of liquid propylene suffered a shell rupture, creating a gas cloud that ignited on a campsite cookstove (BLEVE).","An overfilled tank truck carrying 23 tonnes of liquid propylene suffered a shell rupture, creating a gas cloud that ignited on a campsite cookstove (BLEVE).",Local municipal and industrial fire units deployed water streams to extinguish residual fires across destroyed campsite structures and vehicle hulls.,The tank truck lacked pressure relief safety valves. Hazardous material transport routes passed directly adjacent to public beach campsites without protective blast barriers.,"The sudden thermal blast wave left no time for evacuation. Immediate rescue operations were performed by surviving campers, local residents, and private vehicles transporting burn victims to regional hospitals.",international_reference,structural_fire
78,Dupont Plaza Hotel Fire (Puerto Rico),"December 31, 1986","San Juan, Puerto Rico, United States",High-Rise Hotel & Casino Complex.,"98 fatalities, 140 injuries",multi-million dollar damage and legal claims.,"Arson; disaffected employees set fire to stacked furniture boxes in a ballroom, causing a massive flashover that swept directly into the adjacent casino floor.","Arson; disaffected employees set fire to stacked furniture boxes in a ballroom, causing a massive flashover that swept directly into the adjacent casino floor.",Fire brigades executed offensive hose attacks on the lower ballroom levels while simultaneously deploying aerial ladders to pull survivors from upper guest room balconies.,"The casino lacked automatic fire sprinklers, and stairwell doors were prop-locked open, allowing toxic smoke to travel freely into upper guest tower floors.","Guests inside the casino were trapped when flashover blew out interior partition glass. Hundreds fled to the rooftop and balconies, where commercial and military helicopters airlifted them to safety.",international_reference,structural_fire
79,Animation coaching centre-cum-library above shops in a three-storey commercial building — Lucknow,22 Jun 2026,"Lucknow (Puraniya, Aliganj), Uttar Pradesh",Educational,15 killed | 6 injured,Not documented in this source,Animation coaching centre-cum-library above shops in a three-storey commercial building - under investigation (exact cause not ascertained; most deaths were due to suffocation as fire trapped students inside),Animation coaching centre-cum-library above shops in a three-storey commercial building - under investigation (exact cause not ascertained; most deaths were due to suffocation as fire trapped students inside),"Not documented in this source. The NISSMAT registry records incident facts, cause, and casualty figures but not the operational suppression/mitigation/evacuation actions taken during response.","Not documented in this source. The NISSMAT registry records incident facts, cause, and casualty figures but not the operational suppression/mitigation/evacuation actions taken during response.","Not documented in this source. The NISSMAT registry records incident facts, cause, and casualty figures but not the operational suppression/mitigation/evacuation actions taken during response.",domestic_india_nissmat,structural_fire
80,Firecracker factory — Jaipur,9 Jun 2026,"Jaipur (Khoh Nagoriyan), Rajasthan",Industrial,3 killed | 5 injured,Not documented in this source,Firecracker factory - under investigation (probe to examine safety lapses and storage issues; some reports described the unit as illegal),Firecracker factory - under investigation (probe to examine safety lapses and storage issues; some reports described the unit as illegal),"Not documented in this source. The NISSMAT registry records incident facts, cause, and casualty figures but not the operational suppression/mitigation/evacuation actions taken during response.","Not documented in this source. The NISSMAT registry records incident facts, cause, and casualty figures but not the operational suppression/mitigation/evacuation actions taken during response.","Not documented in this source. The NISSMAT registry records incident facts, cause, and casualty figures but not the operational suppression/mitigation/evacuation actions taken during response.",domestic_india_nissmat,structural_fire
81,Prasad Hospital ICU (private hospital) — Muzaffarpur,4 Jun 2026,"Muzaffarpur (Brahmpura), Bihar",Hospital,5 killed | 20 injured,Not documented in this source,Prasad Hospital ICU (private hospital) - suspected electrical short circuit; fire broke out around 3:55 am with 13-15 patients,Prasad Hospital ICU (private hospital) - suspected electrical short circuit; fire broke out around 3:55 am with 13-15 patients,Eight fire tenders were dispatched immediately after the emergency call was received at 3:55 am; firefighting teams reached the scene promptly and brought the blaze under control while simultaneously conducting rescue operations in dense smoke.,"The fire was suspected to be a short circuit inside the fifth-floor ICU. A fire audit had reportedly been conducted at the hospital previously, raising questions about follow-through on identified risks. No sprinkler activation or automated suppression is documented as having occurred.","Hospital staff, aided by local residents, broke windows to pull trapped patients out of the smoke-filled ICU — a manual, improvised evacuation method used because normal escape routes were compromised by smoke. Firefighters personally carried out around 15-20 patients despite intense smoke exposure. Around 20-22 ICU patients were evacuated in total and the remaining hospital patients were shifted to nearby facilities as a precaution.",domestic_india_nissmat,structural_fire
82,Flourish Stay bed-and-breakfast hotel — New Delhi,3 Jun 2026,"New Delhi (Malviya Nagar), Delhi",Hotel,21 killed | 40 injured,Not documented in this source,"Flourish Stay bed-and-breakfast hotel - blaze near ground-floor restaurant; suspected electrical short circuit; operating without valid fire NOC, running 25 rooms on limited licence","Flourish Stay bed-and-breakfast hotel - blaze near ground-floor restaurant; suspected electrical short circuit; operating without valid fire NOC, running 25 rooms on limited licence","The fire originated near a ground-floor/basement staircase around 8:48 am and spread through the building via a shared stairwell to the adjacent Micasa Inn. Firefighters faced severe access delays because the hotel sat in a narrow, congested lane lined with overhead high-voltage electrical cables, with no water source readily available and encroachments blocking approach — a combination that significantly slowed fire tender deployment.","The building had no fire NOC, no smoke detectors, no automated fire alarms, and no sprinkler systems — meaning there was zero early-warning or automatic suppression capability. It was licensed for only 6 rooms but was illegally operating 25, quadrupling its effective fire load and occupant density beyond what any safety planning had accounted for.","The building had only a single staircase and no alternative escape routes, which trapped many occupants once smoke filled the corridors. Several people jumped from upper floors in desperation. Around 10 police personnel were injured while entering the smoke-filled building to physically pull survivors out. More than 40 people were rescued despite the structural evacuation failure — illustrating that manual room-to-room rescue by responders compensated substantially for the complete absence of planned escape infrastructure.",domestic_india_nissmat,structural_fire
83,Four-storey residential building B-13 Vivek Vihar Phase-I — Delhi,3 May 2026,"Delhi (Vivek Vihar), Delhi",Residential,9 killed | 2 injured,Not documented in this source,Four-storey residential building B-13 Vivek Vihar Phase-I - initial findings suggest an air-conditioner blast/explosion triggered the early-morning blaze,Four-storey residential building B-13 Vivek Vihar Phase-I - initial findings suggest an air-conditioner blast/explosion triggered the early-morning blaze,"14 fire tenders were deployed after the call came in at 3:47-3:48 am, arriving within roughly 15 minutes. Firefighters made rapid progress on front-facing flats but hit severe obstruction on the building's rear side, where conditions turned into what one fire officer called 'a nightmare.'","The fire is suspected to have started with an air conditioner explosion on the second floor and spread upward through floors 2-4. Multiple exploding AC units throughout the building added fuel and heat to the blaze as it climbed, and the structure had illegally been converted to two flats per floor instead of one, roughly doubling the fire load and occupant density the original design anticipated.","Evacuation was severely hampered by three compounding structural failures: (1) a massive iron security grille covering a major section of the building's front blocked rescuer entry/occupant exit, (2) the building had only a single point of entry and exit, and (3) electronic door locks — including the lock on the door to the roof — jammed, trapping some residents on floors above the fire with no secondary escape route, contributing to deaths by smoke inhalation. Firefighters rescued everyone from front-facing flats but were unable to reach several rear-side residents in time. The incident occurred at dawn (3:47 am), when residents were asleep and slowest to react.",domestic_india_nissmat,structural_fire
84,Vanaja fireworks factory — Kattanarpatti near Virudhunagar,19 Apr 2026,"Kattanarpatti near Virudhunagar, Tamil Nadu",Industrial,25 killed | 20 injured,Not documented in this source,Vanaja fireworks factory - blast originated in chemical mixing shed with nearly 40 workers; held PESO licence but operating without permission on a rest day,Vanaja fireworks factory - blast originated in chemical mixing shed with nearly 40 workers; held PESO licence but operating without permission on a rest day,"Police from Vachakkarapatti and fire and rescue teams from Sivakasi and Virudhunagar rushed to the site and worked to clear debris across the collapsed, fully engulfed units to locate survivors and recover bodies.","Friction during the mixing of explosive chemicals in a raw-material storage room is believed to have triggered the initial blast, which set off a chain reaction leveling three-to-four rooms of the facility. Critically, a SECOND explosion occurred during the rescue operation itself, injuring 17 additional people including six policemen and four firemen — demonstrating that unexploded/unstable chemical stock can remain a live hazard well after the initial blast, and that responders must treat firecracker/chemical explosion sites as having a continued secondary-blast risk zone, not just a single-event scene.","With ~30 workers on site at the time, rescue was primarily body/survivor recovery from debris rather than a live evacuation, since the explosion's suddenness gave workers no warning. The region's chronic accident pattern (134 deaths in Virudhunagar district firecracker units since 2022 alone) points to systemic non-adherence to PESO (Petroleum and Explosives Safety Organisation) safety norms as the real root-cause mitigation gap, rather than any single incident's response failure.",domestic_india_nissmat,structural_fire
85,SCB Medical College and Hospital trauma care unit (first floor) — Cuttack,16 Mar 2026,"Cuttack, Odisha",Hospital,10 killed | 16 injured,Not documented in this source,"SCB Medical College and Hospital trauma care unit (first floor) - electrical short circuit, likely due to poorly maintained wiring","SCB Medical College and Hospital trauma care unit (first floor) - electrical short circuit, likely due to poorly maintained wiring","Once the fire's automated safety systems were triggered, three fire tenders were dispatched and fire personnel worked jointly with hospital staff, police, and patient attendants to control the blaze, which had spread from the trauma ICU to an adjoining ICU and adjacent wards.","The fire was suspected to be caused by a short circuit likely linked to poorly maintained wiring — the same root cause repeatedly cited across ICU fires nationally (Bhandara, Virar, Jhansi). No mitigation-side details (sprinklers, alarms) are documented as having functioned, but the hospital's own fire safety systems reportedly activated, which is notably different from many other ICU fire cases in this dataset where no activation occurred at all.","All 23 patients on the first-floor trauma care ICU were evacuated and shifted to other departments (critically ill patients specifically moved to the New Medicine ICU), and this evacuation was executed successfully enough that zero additional deaths occurred beyond the initial incident. 11 hospital staff and security personnel sustained burn injuries directly from physically carrying out patients during the rescue — highlighting that staff willingness to physically intervene (even at personal injury risk) was the decisive factor separating this outcome from ICU fires elsewhere with far higher tolls.",domestic_india_nissmat,structural_fire
86,Warehouse complex — Kolkata,26 Jan 2026,"Kolkata (Anandapur/Nazirabad), West Bengal",Industrial,21 killed,Not documented in this source,Warehouse complex - Pushpanjali Decorators godown and adjacent Wow! Momo warehouse - fire originated in decorators godown around 3am and spread; lack of fire clearances cited,Warehouse complex - Pushpanjali Decorators godown and adjacent Wow! Momo warehouse - fire originated in decorators godown around 3am and spread; lack of fire clearances cited,"By the time multiple fire tenders reached the site, both adjoining warehouse structures were already fully engulfed. Firefighters battled the blaze for over 36 hours continuously, facing repeated flare-ups and partial structural collapses throughout — an unusually prolonged firefighting operation reflecting the density of combustible packaging material and decorator supplies stored inside.","The fire is believed to have started around 3 am due to unauthorized cooking inside the Pushpanjali Decorators warehouse (workers reportedly lived/slept on the premises), then spread to the neighboring Wow! Momo warehouse, which stored large quantities of combustible packaging material that accelerated the fire's growth once it crossed over.","The central failure was a complete lack of evacuation routes: police investigation specifically focused on why workers sleeping inside were unable to escape, given the fire started before dawn while people slept. No safe-refuge or emergency-exit system existed at either warehouse; workers were burned before they could react, with over 27 people initially reported missing and remains only identifiable via DNA testing due to the fire's severity and duration — indicating this was fundamentally an evacuation-infrastructure failure (no exits, no fire-safe sleeping/storage separation) rather than a firefighting-response failure.",domestic_india_nissmat,structural_fire
87,Birch by Romeo Lane nightclub — Arpora,6 Dec 2025,"Arpora (North Goa), Goa",Entertainment,25 killed | 50 injured,Not documented in this source,"Birch by Romeo Lane nightclub - fire concentrated around ground-floor kitchen late at night, suspected cylinder blast/firecracker","Birch by Romeo Lane nightclub - fire concentrated around ground-floor kitchen late at night, suspected cylinder blast/firecracker","Access to the nightclub was through a narrow lane, which significantly hindered firefighters' ability to reach and position around the venue. It took approximately two hours to put out the fire, and rescue/recovery operations continued through the night into the following morning.","The fire was concentrated around the ground-floor kitchen, suspected to be triggered by burst firecrackers/a cylinder explosion, and was significantly worsened by dried palm leaves used as decorative material — highly combustible decor materials directly accelerated the fire's spread. The venue had no fire NOC, was built on a salt pan without proper zoning approval, lacked adequate ventilation, and had continued operating illegally despite a pending legal case — a near-total absence of any preventive mitigation layer.","The fire began on the first floor where congestion and narrow exits trapped occupants; a portion of the more than 100 people on the dance floor fled toward the kitchen area to escape, only to become trapped there along with kitchen staff. Most victims (20 of 25) were club staff members caught in the kitchen/basement area rather than patrons — indicating that in a fire, staff working in back-of-house areas (kitchens, storage) face materially higher risk than customers in open floor areas, since they are furthest from primary exits and closest to the ignition source.",domestic_india_nissmat,structural_fire
88,Private sleeper bus (V Kaveri Travels) NH-44 — Kurnool,24 Oct 2025,"Kurnool (near Chinnatekur village), Andhra Pradesh",Transport,20 killed,Not documented in this source,"Private sleeper bus (V Kaveri Travels) NH-44 - collision with motorcycle that lodged under bus, sparking fuel-fed fire; aggravated by cell phone consignment","Private sleeper bus (V Kaveri Travels) NH-44 - collision with motorcycle that lodged under bus, sparking fuel-fed fire; aggravated by cell phone consignment","Local emergency services and police reached the scene shortly after the collision-triggered fire began around 3:00-3:30 am, but by the time they arrived the bus had already been completely gutted by flames that spread through the vehicle within minutes of ignition.","The fire was triggered when a motorcycle collided with the bus and became lodged underneath it, with sparks and leaking fuel from the two-wheeler igniting the bus. The rapid spread was worsened by the vehicle's fuel tank; a suspected short circuit from the impact also jammed the main door, removing the primary evacuation route almost immediately after the collision.","With the main door (near the driver's cabin) jammed and blocked by fire almost immediately, roughly 12-21 surviving passengers escaped only by breaking open the rear emergency exit windows themselves. Passengers seated in the middle and rear of the bus, and those still asleep at the 3:30 am impact time, had far lower survival odds than those near the emergency exit — underscoring that in vehicle fires, the single greatest survival factor is proximity to a *usable* (non-jammed) exit, not any firefighting response, since the entire event concluded in minutes before external help could meaningfully intervene.",domestic_india_nissmat,structural_fire
89,Private AC sleeper bus — Jaisalmer,14 Oct 2025,"Jaisalmer (near Thaiyat village), Rajasthan",Transport,26 killed,Not documented in this source,Private AC sleeper bus - short circuit from faulty wiring in illegally retrofitted air-conditioning system; bus registered as non-AC and modified,Private AC sleeper bus - short circuit from faulty wiring in illegally retrofitted air-conditioning system; bus registered as non-AC and modified,"Personnel from the 12th RAPID Division of the Indian Army, stationed nearby, arrived quickly and joined local villagers/passersby in rescue efforts, bringing an excavator and water tankers. Water from a passing civilian tanker was also used to help control the blaze even before formal fire brigade units arrived — illustrating the value of nearby non-fire-service resources (military units, passing vehicles) in rural/highway incidents where dedicated fire response may be far away.","A suspected short circuit in a recently-installed air conditioning system (the bus had been converted from non-AC to AC just a week prior) triggered smoke from the rear of the vehicle, which the driver noticed and used to pull over near a military station — a location that fortuitously placed rescuers close by. The retrofit nature of the AC installation is a specific, checkable mitigation point: aftermarket electrical modifications to vehicles carry elevated fire risk if not properly rated/installed.","The single automatic emergency door became jammed by the fire/heat almost immediately, and the bus had no window hammers or secondary emergency exits — forcing Army personnel to physically pry the door open while some passengers broke windows to escape. Investigators found most bodies piled in the aisle, indicating passengers attempted to reach the door but could not escape in time once it jammed. This is the same failure pattern as the Kurnool bus fire: single-exit dependency with no backup egress is catastrophic in vehicle fires.",domestic_india_nissmat,structural_fire
90,"Neuro ICU Trauma Centre, SMS Government Hospital — Jaipur",5 Oct 2025,"Jaipur, Rajasthan",Hospital,6 killed,Not documented in this source,"Neuro ICU Trauma Centre, SMS Government Hospital - suspected short circuit in Neuro ICU storage area late at night","Neuro ICU Trauma Centre, SMS Government Hospital - suspected short circuit in Neuro ICU storage area late at night","Not documented in this source. The NISSMAT registry records incident facts, cause, and casualty figures but not the operational suppression/mitigation/evacuation actions taken during response.","Not documented in this source. The NISSMAT registry records incident facts, cause, and casualty figures but not the operational suppression/mitigation/evacuation actions taken during response.","Not documented in this source. The NISSMAT registry records incident facts, cause, and casualty figures but not the operational suppression/mitigation/evacuation actions taken during response.",domestic_india_nissmat,structural_fire
91,Mixed-use building — Hyderabad,18 May 2025,"Hyderabad, Telangana",Residential,17 killed,Not documented in this source,"Mixed-use building - Sri Krishna Pearls showroom with family residence above, Gulzar Houz near Charminar - suspected electrical short circuit in ground-floor showroom in early hours","Mixed-use building - Sri Krishna Pearls showroom with family residence above, Gulzar Houz near Charminar - suspected electrical short circuit in ground-floor showroom in early hours","Not documented in this source. The NISSMAT registry records incident facts, cause, and casualty figures but not the operational suppression/mitigation/evacuation actions taken during response.","Not documented in this source. The NISSMAT registry records incident facts, cause, and casualty figures but not the operational suppression/mitigation/evacuation actions taken during response.","Not documented in this source. The NISSMAT registry records incident facts, cause, and casualty figures but not the operational suppression/mitigation/evacuation actions taken during response.",domestic_india_nissmat,structural_fire
92,"Rituraj Hotel, Falpatti Machhua area, Burrabazar — Kolkata",29 Apr 2025,"Kolkata, West Bengal",Hotel,14 killed | 13 injured,Not documented in this source,"Rituraj Hotel, Falpatti Machhua area, Burrabazar - suspected electrical short circuit on first floor; deaths mainly from asphyxiation amid blocked exits and bricked-up windows; NOC expired ~2 years earlier","Rituraj Hotel, Falpatti Machhua area, Burrabazar - suspected electrical short circuit on first floor; deaths mainly from asphyxiation amid blocked exits and bricked-up windows; NOC expired ~2 years earlier","Ten fire engines were dispatched to the scene, but narrow lanes in the congested Falpatti Machhua/Burrabazar zone significantly slowed their approach and positioning. The fire, which started in a room near the first-floor kitchen around 8:15 pm, was brought under control by approximately 1:00 am — roughly 4-5 hours of firefighting.","A post-incident investigation found the hotel had a locked exit, non-functional in-house firefighting systems, blocked windows, and an expired fire-safety clearance — meaning none of the building's intended fire-safety infrastructure was actually operative when the fire occurred. Most deaths were attributed to smoke asphyxiation in the stairwell rather than burns, indicating the fire's toxic smoke output outpaced occupants' ability to evacuate.","With interior escape routes compromised, guests fled to the rooftop or clung to narrow window ledges; firefighters used hydraulic ladders to reach and rescue people stranded on ledges, and used megaphones/loudspeakers to calm panicking guests on the roof and ledges and instruct them to wait for rescue rather than attempt a risky jump — at least one person died after jumping regardless. This combination (hydraulic ladder extraction + active verbal crowd-calming) is a directly reusable tactic for any high-rise fire where occupants become stranded on external ledges or rooftops.",domestic_india_nissmat,structural_fire
93,Illegal firecracker warehouse-cum-factory (Deepak Fireworks unit) — Deesa,1 Apr 2025,"Deesa, Banaskantha district, Gujarat",Industrial,22 killed,Not documented in this source,Illegal firecracker warehouse-cum-factory (Deepak Fireworks unit) - explosion triggered by highly reactive aluminium powder; blast collapsed building,Illegal firecracker warehouse-cum-factory (Deepak Fireworks unit) - explosion triggered by highly reactive aluminium powder; blast collapsed building,"Firefighters from Deesa Municipality, along with 108 emergency medical services, rushed to the site, but the intensity of the fire and repeated internal explosions made rescue and firefighting operations extremely difficult as flames engulfed the collapsed structure.","Forensic investigation confirmed the explosion was caused by highly reactive aluminium powder combined with yellow dextrin powder (a pyrotechnic binder) — both raw firecracker ingredients being stored despite the warehouse's fire-safety licence having expired the previous year and its renewal application having been explicitly REJECTED after a police inspection found a complete lack of safety measures. The owner brought in raw material AFTER this rejection, representing a direct, documented, willful mitigation failure rather than an accidental gap.","The blast was powerful enough to send workers' body parts 200-300 metres away and caused the RCC roof slab to collapse onto workers below. Tragically, several victims were family members of workers who lived on the warehouse premises — including 8 children among the 21 dead — meaning there was no separation between hazardous storage/production areas and worker housing, removing any possibility of evacuating dependents who were not even meant to be present during working hazardous operations.",domestic_india_nissmat,structural_fire
94,Ordnance Factory Bhandara explosives/ammunition-filling unit — Bhandara,24 Jan 2025,"Bhandara, Maharashtra",Industrial,8 killed | 7 injured,Not documented in this source,Ordnance Factory Bhandara explosives/ammunition-filling unit - explosion in RK Branch section collapsed unit's roof,Ordnance Factory Bhandara explosives/ammunition-filling unit - explosion in RK Branch section collapsed unit's roof,"The blast triggered both a fire and a building roof collapse simultaneously, trapping workers under debris. NDRF (National Disaster Response Force) and SDRF (State Disaster Response Force) teams were deployed immediately alongside local Bhandara and Nagpur Municipal Corporation teams, using specialized rescue equipment to search the collapsed structure.","A subsequent investigation found the explosion resulted from long-neglected maintenance of the 'Extrumix machine' and other instruments in the facility's High Energy Explosives (HEX) sub-division — deteriorated equipment that had not been repaired despite known issues. Trainees, rather than fully experienced personnel, were reportedly assigned to work in this highly sensitive section, a staffing/training mitigation failure identified after the fact.","Of an estimated 13-14 workers in the unit at the time, several were rescued in stages as NDRF worked through the collapsed debris with specialized equipment; injured workers were shifted to hospitals in both Nagpur and Bhandara for treatment, splitting casualty load across two cities' medical capacity to avoid overwhelming a single facility.",domestic_india_nissmat,structural_fire
95,"Tent camps at Maha Kumbh Mela grounds, Sangam area — Prayagraj",19 Jan 2025,"Prayagraj, Uttar Pradesh",Religious,0 killed,Not documented in this source,"Tent camps at Maha Kumbh Mela grounds, Sangam area - LPG cylinder explosions during cooking in camp tents; fire spread by gusty winds","Tent camps at Maha Kumbh Mela grounds, Sangam area - LPG cylinder explosions during cooking in camp tents; fire spread by gusty winds","15 fire tenders responded and brought the blaze under control within roughly one hour. The Mahakumbh's pre-positioned fire infrastructure — 50 fire stations, 20 fire posts, 4,300 fire hydrants, and 351+ firefighting vehicles with 2,000+ trained personnel spread across the mela grounds — meant response times were extremely fast for an open, temporary-structure event of this scale.","The fire began when straw inside a tent caught fire during cooking, which then triggered an LPG cylinder explosion; strong winds helped it spread to 18 adjoining tents within minutes. Because thatched-roof/tent structures burn extremely fast, mitigation here relied almost entirely on pre-event infrastructure density (hydrants, standby engines) rather than any in-tent suppression system, since none existed.",Police and administration teams evacuated surrounding tents as a precaution once the fire began spreading; the affected area was fully cordoned off. Zero casualties were reported despite 18 tents being destroyed — a notable success outcome directly attributed to the extremely dense pre-positioned fire response network rather than to evacuation drills or occupant preparedness.,domestic_india_nissmat,structural_fire
96,LPG tanker-truck collision and fireball on national highway; around 40 vehicles engulfed — Jaipur,20 Dec 2024,"Jaipur (Bhankrota, Jaipur-Ajmer highway), Rajasthan",Transport,20 killed,Not documented in this source,"LPG tanker-truck collision and fireball on national highway; around 40 vehicles engulfed - truck hit LPG tanker, leaking gas ignited massive fireball","LPG tanker-truck collision and fireball on national highway; around 40 vehicles engulfed - truck hit LPG tanker, leaking gas ignited massive fireball","Rescue efforts faced severe difficulty because the leaking gas spread over an estimated 200-metre radius before igniting, meaning the hazard zone was far larger than the immediate collision point. More than 30 ambulances and fire brigade vehicles responded; traffic was closed on the highway to allow emergency access and prevent further vehicles from driving into the gas-fire zone.","The collision damaged the LPG tanker's outlet nozzle, causing a gas leak that spread before igniting into a fireball that ultimately engulfed over 40 vehicles including two sleeper buses and damaged a roadside pipe factory. This demonstrates a key mitigation principle specific to LPG/gas tanker incidents: the danger zone is not the crash site alone but the entire area the leaking gas cloud can reach before ignition — meaning immediate wide-radius traffic and pedestrian clearance (not just crash-site cordoning) is the critical early mitigation action.","Many victims, including sleeper-bus passengers and nearby workers, were unable to escape because the gas ignited and spread as a fireball too quickly for evacuation once the leak began — several eyewitnesses described people catching fire and being unable to remove burning clothing in time. This underscores that once an LPG leak ignites into open flame, there is effectively no evacuation window for people already within the gas-spread radius; the only real mitigation is preventing people/vehicles from entering that radius during the leak phase, before ignition.",domestic_india_nissmat,structural_fire
97,Escientia Advanced Sciences pharmaceutical plant — Atchutapuram,21 Aug 2024,"Atchutapuram, Anakapalli district, Andhra Pradesh",Industrial,18 killed,Not documented in this source,"Escientia Advanced Sciences pharmaceutical plant - leak of flammable solvent (MTBE) during transfer from reactor ignited, triggering major explosion","Escientia Advanced Sciences pharmaceutical plant - leak of flammable solvent (MTBE) during transfer from reactor ignited, triggering major explosion",Multiple fire engines were dispatched to extinguish the resulting fires; 13 people trapped inside the facility were rescued during the response. The explosion's severity was significant enough to blow out several walls and throw workers into fences.,"A vapour cloud explosion occurred when Methyl Tert-Butyl Ether (MTBE), a highly flammable solvent, leaked during transfer from a reactor to a storage tank via a pipeline and ignited. The state government explicitly attributed the accident to failure to follow Standard Operating Procedures (SOPs) during a hazardous chemical transfer operation — a clear, specific, and preventable procedural mitigation failure rather than equipment malfunction alone.","The explosion occurred at 2:15 pm during the lunch break, when a large portion of the plant's ~380 two-shift workforce was away from their workstations — this timing coincidence significantly reduced what could have been a much higher casualty count. This underscores an important, non-obvious mitigation principle: shift scheduling and break-period staffing density directly affects worst-case casualty exposure in industrial hazard zones, independent of any active safety system.",domestic_india_nissmat,structural_fire
98,"Amudan Chemicals Pvt Ltd, MIDC Phase 2 — Dombivli",23 May 2024,"Dombivli, Thane district, Maharashtra",Industrial,13 killed | 64 injured,Not documented in this source,"Amudan Chemicals Pvt Ltd, MIDC Phase 2 - boiler/reactor explosion followed by fire and secondary blasts of stored chemicals; inadequate precautions","Amudan Chemicals Pvt Ltd, MIDC Phase 2 - boiler/reactor explosion followed by fire and secondary blasts of stored chemicals; inadequate precautions",Eight fire engines were dispatched following a formal brigade call; teams from the Thane Municipal Corporation's Regional Disaster Management Cell and 13 personnel from the Thane Disaster Response Force (TDRF) joined the firefighting effort. Firemen used continuous water sprinkling inside the chemical factory area over an extended period to fully contain the fire following the initial blast.,"Four boilers (later clarified by the Labour Minister to have actually been a reactor, not a boiler) exploded in a chain, with the blast so severe it shattered windows in residential buildings and damaged neighboring factories, showing containment/buffer-zone planning around chemical reactor units was inadequate for a chain-explosion scenario. An expert team from Delhi was called in specifically to determine the exact technical cause given uncertainty even among local officials about whether it was a boiler or reactor failure.","Workers in FOUR SEPARATE neighboring factories were injured by the blast's shockwave and shrapnel despite not working at the source facility — meaning the incident's danger radius extended well beyond the originating plant's boundary. Eight people trapped on the premises were specifically rescued during the response, indicating some workers were unable to self-evacuate before or during the explosion sequence.",domestic_india_nissmat,structural_fire
99,Hotel Pal (fire spread to adjacent Hotel Amit) near Patna Junction — Patna,25 Apr 2024,"Patna, Bihar",Hotel,6 killed | 15 injured,Not documented in this source,"Hotel Pal (fire spread to adjacent Hotel Amit) near Patna Junction - fire started in hotel kitchen, spark during cooking, intensified by LPG cylinder blasts","Hotel Pal (fire spread to adjacent Hotel Amit) near Patna Junction - fire started in hotel kitchen, spark during cooking, intensified by LPG cylinder blasts","Not documented in this source. The NISSMAT registry records incident facts, cause, and casualty figures but not the operational suppression/mitigation/evacuation actions taken during response.","Not documented in this source. The NISSMAT registry records incident facts, cause, and casualty figures but not the operational suppression/mitigation/evacuation actions taken during response.","Not documented in this source. The NISSMAT registry records incident facts, cause, and casualty figures but not the operational suppression/mitigation/evacuation actions taken during response.",domestic_india_nissmat,structural_fire
100,Fireworks factory Kundayiruppu village — Vembakottai,17 Feb 2024,"Vembakottai, Virudhunagar district, Tamil Nadu",Industrial,10 killed,Not documented in this source,Fireworks factory Kundayiruppu village - explosion in chemical mixing room; attributed to friction during mixing/handling,Fireworks factory Kundayiruppu village - explosion in chemical mixing room; attributed to friction during mixing/handling,"Not documented in this source. The NISSMAT registry records incident facts, cause, and casualty figures but not the operational suppression/mitigation/evacuation actions taken during response.","Not documented in this source. The NISSMAT registry records incident facts, cause, and casualty figures but not the operational suppression/mitigation/evacuation actions taken during response.","Not documented in this source. The NISSMAT registry records incident facts, cause, and casualty figures but not the operational suppression/mitigation/evacuation actions taken during response.",domestic_india_nissmat,structural_fire
101,Paint factory with attached chemical storage — Delhi,15 Feb 2024,"Delhi (Alipur), Delhi",Industrial,11 killed | 4 injured,Not documented in this source,"Paint factory with attached chemical storage - fire broke out on ground floor storing flammable chemicals, spread rapidly trapping workers; no licence or fire clearance","Paint factory with attached chemical storage - fire broke out on ground floor storing flammable chemicals, spread rapidly trapping workers; no licence or fire clearance","Not documented in this source. The NISSMAT registry records incident facts, cause, and casualty figures but not the operational suppression/mitigation/evacuation actions taken during response.","Not documented in this source. The NISSMAT registry records incident facts, cause, and casualty figures but not the operational suppression/mitigation/evacuation actions taken during response.","Not documented in this source. The NISSMAT registry records incident facts, cause, and casualty figures but not the operational suppression/mitigation/evacuation actions taken during response.",domestic_india_nissmat,structural_fire
102,Firecracker manufacturing factory — Harda,6 Feb 2024,"Harda (Bairagarh village), Madhya Pradesh",Industrial,13 killed,Not documented in this source,Firecracker manufacturing factory - explosion; factory reportedly stockpiled explosives far beyond permitted limits,Firecracker manufacturing factory - explosion; factory reportedly stockpiled explosives far beyond permitted limits,"Not documented in this source. The NISSMAT registry records incident facts, cause, and casualty figures but not the operational suppression/mitigation/evacuation actions taken during response.","Not documented in this source. The NISSMAT registry records incident facts, cause, and casualty figures but not the operational suppression/mitigation/evacuation actions taken during response.","Not documented in this source. The NISSMAT registry records incident facts, cause, and casualty figures but not the operational suppression/mitigation/evacuation actions taken during response.",domestic_india_nissmat,structural_fire
103,Two fireworks manufacturing units — Virudhunagar district,17 Oct 2023,"Virudhunagar district (Rangapalayam and Kichanaickenpatti villages), Tamil Nadu",Industrial,14 killed | 2 injured,Not documented in this source,"Two fireworks manufacturing units - spark from crackers being tested landed on crackers being packed in adjoining area, triggering blast","Two fireworks manufacturing units - spark from crackers being tested landed on crackers being packed in adjoining area, triggering blast","Not documented in this source. The NISSMAT registry records incident facts, cause, and casualty figures but not the operational suppression/mitigation/evacuation actions taken during response.","Not documented in this source. The NISSMAT registry records incident facts, cause, and casualty figures but not the operational suppression/mitigation/evacuation actions taken during response.","Not documented in this source. The NISSMAT registry records incident facts, cause, and casualty figures but not the operational suppression/mitigation/evacuation actions taken during response.",domestic_india_nissmat,structural_fire
104,"Jay Bhavani building, seven-storey SRA residential building near Azad Maidan — Mumbai",6 Oct 2023,"Mumbai (Goregaon West), Maharashtra",Residential,7 killed | 40 injured,Not documented in this source,"Jay Bhavani building, seven-storey SRA residential building near Azad Maidan - fire broke out around 3am in ground-floor shops/scrap material and parked vehicles","Jay Bhavani building, seven-storey SRA residential building near Azad Maidan - fire broke out around 3am in ground-floor shops/scrap material and parked vehicles","Not documented in this source. The NISSMAT registry records incident facts, cause, and casualty figures but not the operational suppression/mitigation/evacuation actions taken during response.","Not documented in this source. The NISSMAT registry records incident facts, cause, and casualty figures but not the operational suppression/mitigation/evacuation actions taken during response.","Not documented in this source. The NISSMAT registry records incident facts, cause, and casualty figures but not the operational suppression/mitigation/evacuation actions taken during response.",domestic_india_nissmat,structural_fire
105,Firecracker storage godown; blast also destroyed adjoining houses and shops — Krishnagiri,29 Jul 2023,"Krishnagiri (Palayapettai), Tamil Nadu",Commercial,9 killed | 11 injured,Not documented in this source,Firecracker storage godown; blast also destroyed adjoining houses and shops - under investigation,Firecracker storage godown; blast also destroyed adjoining houses and shops - under investigation,"Not documented in this source. The NISSMAT registry records incident facts, cause, and casualty figures but not the operational suppression/mitigation/evacuation actions taken during response.","Not documented in this source. The NISSMAT registry records incident facts, cause, and casualty figures but not the operational suppression/mitigation/evacuation actions taken during response.","Not documented in this source. The NISSMAT registry records incident facts, cause, and casualty figures but not the operational suppression/mitigation/evacuation actions taken during response.",domestic_india_nissmat,structural_fire
106,Private sleeper bus (Vidarbha Travels) caught fire on expressway — Buldhana,1 Jul 2023,"Buldhana (near Sindkhed Raja, Samruddhi Mahamarg expressway), Maharashtra",Transport,25 killed | 8 injured,Not documented in this source,"Private sleeper bus (Vidarbha Travels) caught fire on expressway - bus hit pole/divider after driver lost control, diesel tank caught fire","Private sleeper bus (Vidarbha Travels) caught fire on expressway - bus hit pole/divider after driver lost control, diesel tank caught fire","Not documented in this source. The NISSMAT registry records incident facts, cause, and casualty figures but not the operational suppression/mitigation/evacuation actions taken during response.","Not documented in this source. The NISSMAT registry records incident facts, cause, and casualty figures but not the operational suppression/mitigation/evacuation actions taken during response.","Not documented in this source. The NISSMAT registry records incident facts, cause, and casualty figures but not the operational suppression/mitigation/evacuation actions taken during response.",domestic_india_nissmat,structural_fire
107,Multi-storey building housing coaching centres (~200-250 students) — Delhi,15 Jun 2023,"Delhi (Mukherjee Nagar), Delhi",Educational,0 killed | 61 injured,Not documented in this source,Multi-storey building housing coaching centres (~200-250 students) - fire in electric meters installed on ground floor; students escaped by climbing down ropes/wires,Multi-storey building housing coaching centres (~200-250 students) - fire in electric meters installed on ground floor; students escaped by climbing down ropes/wires,"Not documented in this source. The NISSMAT registry records incident facts, cause, and casualty figures but not the operational suppression/mitigation/evacuation actions taken during response.","Not documented in this source. The NISSMAT registry records incident facts, cause, and casualty figures but not the operational suppression/mitigation/evacuation actions taken during response.","Not documented in this source. The NISSMAT registry records incident facts, cause, and casualty figures but not the operational suppression/mitigation/evacuation actions taken during response.",domestic_india_nissmat,structural_fire
108,Satpura Bhawan state government office complex — Bhopal,12 Jun 2023,"Bhopal, Madhya Pradesh",Other,0 killed,Not documented in this source,Satpura Bhawan state government office complex - short circuit in air-conditioning unit on third floor; fire spread to sixth floor,Satpura Bhawan state government office complex - short circuit in air-conditioning unit on third floor; fire spread to sixth floor,"Not documented in this source. The NISSMAT registry records incident facts, cause, and casualty figures but not the operational suppression/mitigation/evacuation actions taken during response.","Not documented in this source. The NISSMAT registry records incident facts, cause, and casualty figures but not the operational suppression/mitigation/evacuation actions taken during response.","Not documented in this source. The NISSMAT registry records incident facts, cause, and casualty figures but not the operational suppression/mitigation/evacuation actions taken during response.",domestic_india_nissmat,structural_fire
109,"Illegal firecracker factory run from residential building, Khadikul village — Egra",16 May 2023,"Egra (Purba Medinipur district), West Bengal",Industrial,12 killed,Not documented in this source,"Illegal firecracker factory run from residential building, Khadikul village - explosion at illegal manufacturing unit; building collapsed","Illegal firecracker factory run from residential building, Khadikul village - explosion at illegal manufacturing unit; building collapsed","Not documented in this source. The NISSMAT registry records incident facts, cause, and casualty figures but not the operational suppression/mitigation/evacuation actions taken during response.","Not documented in this source. The NISSMAT registry records incident facts, cause, and casualty figures but not the operational suppression/mitigation/evacuation actions taken during response.","Not documented in this source. The NISSMAT registry records incident facts, cause, and casualty figures but not the operational suppression/mitigation/evacuation actions taken during response.",domestic_india_nissmat,structural_fire
110,Durga Puja pandal fire during Saptami celebrations — Narthuwa village,2 Oct 2022,"Narthuwa village, Aurai, Bhadohi district, Uttar Pradesh",Religious,17 killed | 68 injured,Not documented in this source,Durga Puja pandal fire during Saptami celebrations - overheated halogen light ignited decorative synthetic/polythene sheeting of pandal,Durga Puja pandal fire during Saptami celebrations - overheated halogen light ignited decorative synthetic/polythene sheeting of pandal,"Not documented in this source. The NISSMAT registry records incident facts, cause, and casualty figures but not the operational suppression/mitigation/evacuation actions taken during response.","Not documented in this source. The NISSMAT registry records incident facts, cause, and casualty figures but not the operational suppression/mitigation/evacuation actions taken during response.","Not documented in this source. The NISSMAT registry records incident facts, cause, and casualty figures but not the operational suppression/mitigation/evacuation actions taken during response.",domestic_india_nissmat,structural_fire
111,"Hotel Levana Suites, Madan Mohan Malviya Marg — Lucknow",5 Sep 2022,"Lucknow (Hazratganj), Uttar Pradesh",Hotel,4 killed | 10 injured,Not documented in this source,"Hotel Levana Suites, Madan Mohan Malviya Marg - suspected short circuit; state probe cited negligence, held fire NOC despite lacking fire escape systems","Hotel Levana Suites, Madan Mohan Malviya Marg - suspected short circuit; state probe cited negligence, held fire NOC despite lacking fire escape systems","Not documented in this source. The NISSMAT registry records incident facts, cause, and casualty figures but not the operational suppression/mitigation/evacuation actions taken during response.","Not documented in this source. The NISSMAT registry records incident facts, cause, and casualty figures but not the operational suppression/mitigation/evacuation actions taken during response.","Not documented in this source. The NISSMAT registry records incident facts, cause, and casualty figures but not the operational suppression/mitigation/evacuation actions taken during response.",domestic_india_nissmat,structural_fire
112,Ruhi Industries factory unit (licensed for electronic goods) — Hapur,4 Jun 2022,"Hapur (Dhaulana area), Uttar Pradesh",Industrial,13 killed | 20 injured,Not documented in this source,Ruhi Industries factory unit (licensed for electronic goods) - explosion; police suspected illegal manufacture of crackers/toy-gun pellets - gunpowder found,Ruhi Industries factory unit (licensed for electronic goods) - explosion; police suspected illegal manufacture of crackers/toy-gun pellets - gunpowder found,"Emergency responders and police reached the site after the explosion; the scale of destruction and multiple hospital transfers (Delhi, Noida, Ghaziabad, Meerut) indicates a wide search for adequate burn-treatment capacity beyond what any single local hospital could handle.","Police initially believed it was a boiler explosion, but on-site investigation found no boiler had burst — instead, gunpowder used for manufacturing toy-gun firecracker pellets was suspected, alongside plastic pallets recovered from the site. The factory held a licence only for manufacturing electronic goods, not explosive/pyrotechnic materials — meaning the facility was operating as an undisclosed illegal explosives operation disguised as a legitimate electronics business, a mitigation-relevant red flag: licensing mismatches between a facility's stated business and its actual on-site materials are a leading indicator worth proactive inspection.","33 workers were present at the time; injured were dispersed across hospitals in four different cities for treatment, suggesting local medical capacity was quickly overwhelmed. Most victims were migrant workers from other states (Uttar Pradesh's Shahjahanpur and Bihar) who were reportedly living in shanties in Hapur — highlighting that migrant industrial workforces are frequently housed in informal, under-inspected settings near hazardous worksites with no organized evacuation planning for either the workplace or the workers' residences.",domestic_india_nissmat,structural_fire
113,Scrap godown at Bhoiguda; migrant workers sleeping on first floor — Secunderabad,23 Mar 2022,"Secunderabad (Bhoiguda), Hyderabad, Telangana",Commercial,11 killed,Not documented in this source,Scrap godown at Bhoiguda; migrant workers sleeping on first floor - alleged electrical short circuit; most victims died of asphyxiation,Scrap godown at Bhoiguda; migrant workers sleeping on first floor - alleged electrical short circuit; most victims died of asphyxiation,"Not documented in this source. The NISSMAT registry records incident facts, cause, and casualty figures but not the operational suppression/mitigation/evacuation actions taken during response.","Not documented in this source. The NISSMAT registry records incident facts, cause, and casualty figures but not the operational suppression/mitigation/evacuation actions taken during response.","Not documented in this source. The NISSMAT registry records incident facts, cause, and casualty figures but not the operational suppression/mitigation/evacuation actions taken during response.",domestic_india_nissmat,structural_fire
114,"Village houses in Bogtui, ~10 houses set ablaze — Bogtui village",21 Mar 2022,"Bogtui village, Rampurhat, Birbhum district, West Bengal",Residential,9 killed,Not documented in this source,"Village houses in Bogtui, ~10 houses set ablaze - arson, petrol bombs in revenge attack following murder of local TMC leader","Village houses in Bogtui, ~10 houses set ablaze - arson, petrol bombs in revenge attack following murder of local TMC leader","Not documented in this source. The NISSMAT registry records incident facts, cause, and casualty figures but not the operational suppression/mitigation/evacuation actions taken during response.","Not documented in this source. The NISSMAT registry records incident facts, cause, and casualty figures but not the operational suppression/mitigation/evacuation actions taken during response.","Not documented in this source. The NISSMAT registry records incident facts, cause, and casualty figures but not the operational suppression/mitigation/evacuation actions taken during response.",domestic_india_nissmat,structural_fire
115,"Kamala Building, 20-storey residential high-rise near Bhatia Hospital, fire on 18th floor — Mumbai",22 Jan 2022,"Mumbai (Tardeo), Maharashtra",Residential,7 killed | 19 injured,Not documented in this source,"Kamala Building, 20-storey residential high-rise near Bhatia Hospital, fire on 18th floor - short circuit in AC unit in one apartment","Kamala Building, 20-storey residential high-rise near Bhatia Hospital, fire on 18th floor - short circuit in AC unit in one apartment","Not documented in this source. The NISSMAT registry records incident facts, cause, and casualty figures but not the operational suppression/mitigation/evacuation actions taken during response.","Not documented in this source. The NISSMAT registry records incident facts, cause, and casualty figures but not the operational suppression/mitigation/evacuation actions taken during response.","Not documented in this source. The NISSMAT registry records incident facts, cause, and casualty figures but not the operational suppression/mitigation/evacuation actions taken during response.",domestic_india_nissmat,structural_fire
116,"Special Newborn Care Unit, Kamla Nehru Children's Hospital — Bhopal",8 Nov 2021,"Bhopal, Madhya Pradesh",Hospital,4 killed,Not documented in this source,"Special Newborn Care Unit, Kamla Nehru Children's Hospital - probably short circuit per state minister","Special Newborn Care Unit, Kamla Nehru Children's Hospital - probably short circuit per state minister","Not documented in this source. The NISSMAT registry records incident facts, cause, and casualty figures but not the operational suppression/mitigation/evacuation actions taken during response.","Not documented in this source. The NISSMAT registry records incident facts, cause, and casualty figures but not the operational suppression/mitigation/evacuation actions taken during response.","Not documented in this source. The NISSMAT registry records incident facts, cause, and casualty figures but not the operational suppression/mitigation/evacuation actions taken during response.",domestic_india_nissmat,structural_fire
117,ICU of district civil hospital (government COVID-19 facility) — Ahmednagar,6 Nov 2021,"Ahmednagar, Maharashtra",Hospital,11 killed,Not documented in this source,ICU of district civil hospital (government COVID-19 facility) - suspected short circuit; fire audit done but safety systems not installed,ICU of district civil hospital (government COVID-19 facility) - suspected short circuit; fire audit done but safety systems not installed,"Not documented in this source. The NISSMAT registry records incident facts, cause, and casualty figures but not the operational suppression/mitigation/evacuation actions taken during response.","Not documented in this source. The NISSMAT registry records incident facts, cause, and casualty figures but not the operational suppression/mitigation/evacuation actions taken during response.","Not documented in this source. The NISSMAT registry records incident facts, cause, and casualty figures but not the operational suppression/mitigation/evacuation actions taken during response.",domestic_india_nissmat,structural_fire
118,COVID-19 ward of Patel Welfare Hospital (four-storeyed private hospital) — Bharuch,1 May 2021,"Bharuch, Gujarat",Hospital,18 killed,Not documented in this source,COVID-19 ward of Patel Welfare Hospital (four-storeyed private hospital) - cause yet to be ascertained,COVID-19 ward of Patel Welfare Hospital (four-storeyed private hospital) - cause yet to be ascertained,"Not documented in this source. The NISSMAT registry records incident facts, cause, and casualty figures but not the operational suppression/mitigation/evacuation actions taken during response.","Not documented in this source. The NISSMAT registry records incident facts, cause, and casualty figures but not the operational suppression/mitigation/evacuation actions taken during response.","Not documented in this source. The NISSMAT registry records incident facts, cause, and casualty figures but not the operational suppression/mitigation/evacuation actions taken during response.",domestic_india_nissmat,structural_fire
119,"Prime Criticare Hospital, private COVID-19 hospital — Mumbra",28 Apr 2021,"Mumbra (Kausa), Thane, Maharashtra",Hospital,4 killed,Not documented in this source,"Prime Criticare Hospital, private COVID-19 hospital - fire reportedly began in meter room; functioning without fire NOC despite notice","Prime Criticare Hospital, private COVID-19 hospital - fire reportedly began in meter room; functioning without fire NOC despite notice","Not documented in this source. The NISSMAT registry records incident facts, cause, and casualty figures but not the operational suppression/mitigation/evacuation actions taken during response.","Not documented in this source. The NISSMAT registry records incident facts, cause, and casualty figures but not the operational suppression/mitigation/evacuation actions taken during response.","Not documented in this source. The NISSMAT registry records incident facts, cause, and casualty figures but not the operational suppression/mitigation/evacuation actions taken during response.",domestic_india_nissmat,structural_fire
120,ICU of Vijay Vallabh Hospital (COVID-19 hospital) — Virar,23 Apr 2021,"Virar, Palghar district, Maharashtra",Hospital,15 killed,Not documented in this source,ICU of Vijay Vallabh Hospital (COVID-19 hospital) - blast in air-conditioning unit of ICU; AC had been under repair,ICU of Vijay Vallabh Hospital (COVID-19 hospital) - blast in air-conditioning unit of ICU; AC had been under repair,"Teams of the Vasai Virar City Municipal Corporation (VVCMC) fire department responded and extinguished the fire by approximately 5:50 am, roughly 2.5 hours after it broke out at 3:13 am.","A hospital staffer revealed the AC system had already been malfunctioning and under active repair since the previous afternoon — meaning known, pre-existing equipment failure was left in service overnight in an occupied ICU rather than being isolated/shut down until fully repaired. This is a directly preventable mitigation failure: a known-faulty electrical system serving a life-critical ward should be de-energized, not run while 'repair work' is ongoing, especially overnight when staffing and response are thinnest.","Of 90 total patients (18 in the ICU itself), 21 patients including those in critical condition were evacuated and shifted to other hospitals; 5 survivors from the ICU specifically were also relocated. The fact that COVID-19 patients — many on oxygen support or ventilators — required physical relocation mid-fire to other facilities highlights that ICU/critical-care fire evacuation is fundamentally different from general evacuation: patients cannot self-evacuate and require simultaneous equipment (oxygen, monitors) transfer, not just physical movement.",domestic_india_nissmat,structural_fire
121,"Well Treat Hospital, COVID-19 hospital — Nagpur",9 Apr 2021,"Nagpur (Wadi), Maharashtra",Hospital,4 killed,Not documented in this source,"Well Treat Hospital, COVID-19 hospital - fire reportedly started from AC unit of second-floor ICU","Well Treat Hospital, COVID-19 hospital - fire reportedly started from AC unit of second-floor ICU","Not documented in this source. The NISSMAT registry records incident facts, cause, and casualty figures but not the operational suppression/mitigation/evacuation actions taken during response.","Not documented in this source. The NISSMAT registry records incident facts, cause, and casualty figures but not the operational suppression/mitigation/evacuation actions taken during response.","Not documented in this source. The NISSMAT registry records incident facts, cause, and casualty figures but not the operational suppression/mitigation/evacuation actions taken during response.",domestic_india_nissmat,structural_fire
122,"Sunrise Hospital, COVID-19 facility inside Dreams Mall — Mumbai",26 Mar 2021,"Mumbai (Bhandup West), Maharashtra",Hospital,11 killed,Not documented in this source,"Sunrise Hospital, COVID-19 facility inside Dreams Mall - cause yet to be ascertained; fire safety lapses confirmed at hospital and mall","Sunrise Hospital, COVID-19 facility inside Dreams Mall - cause yet to be ascertained; fire safety lapses confirmed at hospital and mall","Not documented in this source. The NISSMAT registry records incident facts, cause, and casualty figures but not the operational suppression/mitigation/evacuation actions taken during response.","Not documented in this source. The NISSMAT registry records incident facts, cause, and casualty figures but not the operational suppression/mitigation/evacuation actions taken during response.","Not documented in this source. The NISSMAT registry records incident facts, cause, and casualty figures but not the operational suppression/mitigation/evacuation actions taken during response.",domestic_india_nissmat,structural_fire
123,"New Koilaghat building (Eastern Railway offices), Strand Road, fire on 13th floor — Kolkata",8 Mar 2021,"Kolkata, West Bengal",Commercial,9 killed,Not documented in this source,"New Koilaghat building (Eastern Railway offices), Strand Road, fire on 13th floor - cause under railway probe","New Koilaghat building (Eastern Railway offices), Strand Road, fire on 13th floor - cause under railway probe","Not documented in this source. The NISSMAT registry records incident facts, cause, and casualty figures but not the operational suppression/mitigation/evacuation actions taken during response.","Not documented in this source. The NISSMAT registry records incident facts, cause, and casualty figures but not the operational suppression/mitigation/evacuation actions taken during response.","Not documented in this source. The NISSMAT registry records incident facts, cause, and casualty figures but not the operational suppression/mitigation/evacuation actions taken during response.",domestic_india_nissmat,structural_fire
124,Firecracker factory licensed to manufacture fancy crackers — Sattur,12 Feb 2021,"Sattur (Achankulam village), Virudhunagar district, Tamil Nadu",Industrial,19 killed | 30 injured,Not documented in this source,Firecracker factory licensed to manufacture fancy crackers - explosion around 1pm,Firecracker factory licensed to manufacture fancy crackers - explosion around 1pm,"Not documented in this source. The NISSMAT registry records incident facts, cause, and casualty figures but not the operational suppression/mitigation/evacuation actions taken during response.","Not documented in this source. The NISSMAT registry records incident facts, cause, and casualty figures but not the operational suppression/mitigation/evacuation actions taken during response.","Not documented in this source. The NISSMAT registry records incident facts, cause, and casualty figures but not the operational suppression/mitigation/evacuation actions taken during response.",domestic_india_nissmat,structural_fire
125,Under-construction building at Serum Institute of India's Manjri campus — Pune,21 Jan 2021,"Pune, Maharashtra",Industrial,5 killed,Not documented in this source,Under-construction building at Serum Institute of India's Manjri campus - welding work suspected,Under-construction building at Serum Institute of India's Manjri campus - welding work suspected,"10 fire tenders were rushed to the site immediately, and a National Disaster Response Force (NDRF) team was also deployed. Of the workers trapped when the fire broke out, most were rescued — reports indicate 3 of 4 initially trapped were pulled out quickly, and a total of 6-9 people were evacuated/rescued by fire department and NDRF personnel before 5 bodies were later recovered from the fifth floor once the blaze was brought fully under control.","The fire started on the fourth-to-fifth floor of an under-construction building where a contractor's crew (Suvidha Engineers) was carrying out air-conditioning installation and welding work. Flammable insulation material had been stored near the active welding site — hot-work (welding/cutting) near combustible insulation on an active construction site is a well-known, specifically preventable ignition pattern, requiring a documented hot-work permit process with fire-watch personnel and material clearance as standard mitigation, which was evidently not enforced here.","All five fatalities were contract workers (from a construction sub-contractor, not the pharmaceutical company itself) who were on the upper floors near the ignition point when the fire started; several other workers were evacuated successfully from the same building before smoke/heat cut off the upper floors. This illustrates a recurring industrial-site pattern: contract/sub-contractor workers doing hot-work or finishing work on upper floors of a still-under-construction building are often the last to be accounted for and evacuated, since they are not part of the main facility's regular headcount or fire-drill procedures.",domestic_india_nissmat,structural_fire
126,"Uday Shivanand Hospital, Mavdi area (COVID-19 hospital, fire in ICU around 1am) — Rajkot",27 Nov 2020,"Rajkot, Gujarat",Hospital,5 killed,Not documented in this source,"Uday Shivanand Hospital, Mavdi area (COVID-19 hospital, fire in ICU around 1am) - possible short circuit suggested by chief fire officer","Uday Shivanand Hospital, Mavdi area (COVID-19 hospital, fire in ICU around 1am) - possible short circuit suggested by chief fire officer","Not documented in this source. The NISSMAT registry records incident facts, cause, and casualty figures but not the operational suppression/mitigation/evacuation actions taken during response.","Not documented in this source. The NISSMAT registry records incident facts, cause, and casualty figures but not the operational suppression/mitigation/evacuation actions taken during response.","Not documented in this source. The NISSMAT registry records incident facts, cause, and casualty figures but not the operational suppression/mitigation/evacuation actions taken during response.",domestic_india_nissmat,structural_fire
127,City Centre Mall level-5 blaze burned over a day; ~3500 residents evacuated — Mumbai,22 Oct 2020,"Mumbai (Nagpada, Mumbai Central), Maharashtra",Commercial,0 killed | 2 injured,Not documented in this source,City Centre Mall level-5 blaze burned over a day; ~3500 residents evacuated - believed started from short circuit in a shop,City Centre Mall level-5 blaze burned over a day; ~3500 residents evacuated - believed started from short circuit in a shop,"Not documented in this source. The NISSMAT registry records incident facts, cause, and casualty figures but not the operational suppression/mitigation/evacuation actions taken during response.","Not documented in this source. The NISSMAT registry records incident facts, cause, and casualty figures but not the operational suppression/mitigation/evacuation actions taken during response.","Not documented in this source. The NISSMAT registry records incident facts, cause, and casualty figures but not the operational suppression/mitigation/evacuation actions taken during response.",domestic_india_nissmat,structural_fire
128,Srisailam Left Bank underground hydroelectric power station (900 MW) — Srisailam,20 Aug 2020,"Srisailam, Nagarkurnool district, Telangana",Industrial,9 killed,Not documented in this source,"Srisailam Left Bank underground hydroelectric power station (900 MW) - fire in control panels of Unit 1 late at night, short circuit suspected","Srisailam Left Bank underground hydroelectric power station (900 MW) - fire in control panels of Unit 1 late at night, short circuit suspected","Not documented in this source. The NISSMAT registry records incident facts, cause, and casualty figures but not the operational suppression/mitigation/evacuation actions taken during response.","Not documented in this source. The NISSMAT registry records incident facts, cause, and casualty figures but not the operational suppression/mitigation/evacuation actions taken during response.","Not documented in this source. The NISSMAT registry records incident facts, cause, and casualty figures but not the operational suppression/mitigation/evacuation actions taken during response.",domestic_india_nissmat,structural_fire
129,"Hotel Swarna Palace, used as COVID-19 care centre by Ramesh Hospitals — Vijayawada",9 Aug 2020,"Vijayawada, Andhra Pradesh",Hospital,10 killed | 22 injured,Not documented in this source,"Hotel Swarna Palace, used as COVID-19 care centre by Ramesh Hospitals - electrical short circuit; facility violated fire safety norms","Hotel Swarna Palace, used as COVID-19 care centre by Ramesh Hospitals - electrical short circuit; facility violated fire safety norms","Not documented in this source. The NISSMAT registry records incident facts, cause, and casualty figures but not the operational suppression/mitigation/evacuation actions taken during response.","Not documented in this source. The NISSMAT registry records incident facts, cause, and casualty figures but not the operational suppression/mitigation/evacuation actions taken during response.","Not documented in this source. The NISSMAT registry records incident facts, cause, and casualty figures but not the operational suppression/mitigation/evacuation actions taken during response.",domestic_india_nissmat,structural_fire
130,"Shrey Hospital, Navrangpura (50-bed COVID-19 hospital, fire in ICU) — Ahmedabad",6 Aug 2020,"Ahmedabad, Gujarat",Hospital,8 killed | 1 injured,Not documented in this source,"Shrey Hospital, Navrangpura (50-bed COVID-19 hospital, fire in ICU) - prima facie short circuit; operating without mandatory fire NOC","Shrey Hospital, Navrangpura (50-bed COVID-19 hospital, fire in ICU) - prima facie short circuit; operating without mandatory fire NOC","Not documented in this source. The NISSMAT registry records incident facts, cause, and casualty figures but not the operational suppression/mitigation/evacuation actions taken during response.","Not documented in this source. The NISSMAT registry records incident facts, cause, and casualty figures but not the operational suppression/mitigation/evacuation actions taken during response.","Not documented in this source. The NISSMAT registry records incident facts, cause, and casualty figures but not the operational suppression/mitigation/evacuation actions taken during response.",domestic_india_nissmat,structural_fire
131,"NLC India Ltd Thermal Power Station-II, Unit 5 — Neyveli",1 Jul 2020,"Neyveli, Cuddalore district, Tamil Nadu",Industrial,13 killed | 10 injured,Not documented in this source,"NLC India Ltd Thermal Power Station-II, Unit 5 - boiler explosion during maintenance check; ageing units overdue for maintenance","NLC India Ltd Thermal Power Station-II, Unit 5 - boiler explosion during maintenance check; ageing units overdue for maintenance","Not documented in this source. The NISSMAT registry records incident facts, cause, and casualty figures but not the operational suppression/mitigation/evacuation actions taken during response.","Not documented in this source. The NISSMAT registry records incident facts, cause, and casualty figures but not the operational suppression/mitigation/evacuation actions taken during response.","Not documented in this source. The NISSMAT registry records incident facts, cause, and casualty figures but not the operational suppression/mitigation/evacuation actions taken during response.",domestic_india_nissmat,structural_fire
132,"Oil India Limited Baghjan oilfield, Well No.5 — Baghjan",9 Jun 2020,"Baghjan, Tinsukia district, Assam",Industrial,2 killed,Not documented in this source,"Oil India Limited Baghjan oilfield, Well No.5 - gas blowout during well-servicing operations caught fire, burned for months","Oil India Limited Baghjan oilfield, Well No.5 - gas blowout during well-servicing operations caught fire, burned for months","This was an exceptionally prolonged incident: the well blew out on 27 May 2020, caught fire on 9 June, and was not fully extinguished until 15 November — 172 days later. Control required international expertise: a team from Singapore-based Alert Disaster Control, alongside US and Canadian specialists, and a specialized 'snubbing unit' imported from Canada, since domestic capability could not handle a blowout at this depth (the well was ~3.5 km deep). Two OIL firefighters died in initial dousing attempts, and three additional foreign experts were injured in a subsequent explosion months later during capping operations.","The technical solution required a multi-stage engineering process rather than conventional firefighting: placing a Blow-Out Preventer (BOP) stack over the wellhead, continuously cooling it with water spray, then injecting 'kill fluid' (specialized heavy mud/brine) down the 3.5km well to push gas back into the reservoir before the fire could finally be extinguished — a process that itself took 24-36 hours once the BOP was successfully installed. This demonstrates that well-blowout fires are fundamentally an engineering/drilling problem, not a firefighting problem — normal fire suppression tools are irrelevant until the source pressure itself is controlled at depth.","Nearly 2,000 residents living near the well were evacuated to relief camps within the first days of the blowout (before the fire even started), and this evacuation zone was later expanded to a 1.5 km radius once the fire ignited. This early, precautionary, pre-fire evacuation based on gas leak alone (rather than waiting for ignition) is the key transferable lesson: for any hydrocarbon well/pipeline leak, evacuation should begin at the leak-detection stage, not after fire starts, since ignition timing is unpredictable and the population needs lead time to relocate before a explosion/fire event.",domestic_india_nissmat,structural_fire
133,"Yashashvi Rasayan Pvt Ltd chemical plant, Dahej industrial estate — Dahej",3 Jun 2020,"Dahej, Bharuch district, Gujarat",Industrial,10 killed | 65 injured,Not documented in this source,"Yashashvi Rasayan Pvt Ltd chemical plant, Dahej industrial estate - explosion in chemical storage tank followed by major fire","Yashashvi Rasayan Pvt Ltd chemical plant, Dahej industrial estate - explosion in chemical storage tank followed by major fire","11 fire units took approximately six hours to bring the massive blaze under control after the explosion. The impact was severe enough to be heard from 3 km away and damaged a second plant within the same factory complex, plus injured two contractual workers at an adjacent company's effluent treatment plant from flying debris — showing blast/fire effects extending well beyond the originating facility's own property line.","This is a critical mitigation-failure case study: on June 2 (the day before the explosion), concentrated nitric acid was MISTAKENLY unloaded into a tank meant for dimethyl sulphate (DMS) — a serious chemical-compatibility error. Rather than immediately isolating and safely disposing of the contaminated tank, plant management's chosen 'fix' was to spray water over the tank's exterior surface overnight to control rising temperature, then attempt to dispose of the material only the next morning — by which point pressure had already built up in the tank's vent line, causing the explosion. This demonstrates that surface cooling is not a substitute for addressing a known hazardous chemical mixing error at its source; deferred, improvised, overnight fixes to a confirmed chemical incompatibility are a severe mitigation failure.","Administration proactively evacuated approximately 4,800 residents from two nearby villages (Lakhi and Luvara) specifically due to the release of poisonous chemicals in the smoke, not just fire risk — showing that industrial chemical fires require evaluating airborne toxic exposure risk for surrounding communities as a distinct evacuation trigger, separate from the immediate blast/fire zone around the facility itself.",domestic_india_nissmat,structural_fire
134,"NLC India Ltd Thermal Power Station-II, Unit 6 — Neyveli",7 May 2020,"Neyveli, Cuddalore district, Tamil Nadu",Industrial,5 killed | 3 injured,Not documented in this source,"NLC India Ltd Thermal Power Station-II, Unit 6 - boiler explosion; ageing equipment and poor maintenance alleged","NLC India Ltd Thermal Power Station-II, Unit 6 - boiler explosion; ageing equipment and poor maintenance alleged","Not documented in this source. The NISSMAT registry records incident facts, cause, and casualty figures but not the operational suppression/mitigation/evacuation actions taken during response.","Not documented in this source. The NISSMAT registry records incident facts, cause, and casualty figures but not the operational suppression/mitigation/evacuation actions taken during response.","Not documented in this source. The NISSMAT registry records incident facts, cause, and casualty figures but not the operational suppression/mitigation/evacuation actions taken during response.",domestic_india_nissmat,structural_fire
135,Nandan Denim garment/denim factory — Ahmedabad,8 Feb 2020,"Ahmedabad, Gujarat",Industrial,7 killed,Not documented in this source,"Nandan Denim garment/denim factory - cause not officially disclosed, fire started in shirt department; factory had single door reached by ladder","Nandan Denim garment/denim factory - cause not officially disclosed, fire started in shirt department; factory had single door reached by ladder","Not documented in this source. The NISSMAT registry records incident facts, cause, and casualty figures but not the operational suppression/mitigation/evacuation actions taken during response.","Not documented in this source. The NISSMAT registry records incident facts, cause, and casualty figures but not the operational suppression/mitigation/evacuation actions taken during response.","Not documented in this source. The NISSMAT registry records incident facts, cause, and casualty figures but not the operational suppression/mitigation/evacuation actions taken during response.",domestic_india_nissmat,structural_fire
136,Battery factory/godown in Peera Garhi — Delhi,2 Jan 2020,"Delhi (Peeragarhi), Delhi",Industrial,1 killed | 14 injured,Not documented in this source,Battery factory/godown in Peera Garhi - fire triggered explosion and building collapse while firefighting was underway,Battery factory/godown in Peera Garhi - fire triggered explosion and building collapse while firefighting was underway,"Not documented in this source. The NISSMAT registry records incident facts, cause, and casualty figures but not the operational suppression/mitigation/evacuation actions taken during response.","Not documented in this source. The NISSMAT registry records incident facts, cause, and casualty figures but not the operational suppression/mitigation/evacuation actions taken during response.","Not documented in this source. The NISSMAT registry records incident facts, cause, and casualty figures but not the operational suppression/mitigation/evacuation actions taken during response.",domestic_india_nissmat,structural_fire
137,Miryang Sejong Hospital Fire (South Korea),26 January 2018,"Miryang, South Gyeongsang, South Korea",General hospital + adjacent nursing hospital (193 beds + 98 elderly-care beds),41 killed | 153 injured,Not documented in available sources,"Fire started in the first-floor emergency room; exact ignition source undetermined at time of reporting. Hospital was not legally required to have sprinklers based on its floor area; the adjacent nursing hospital's sprinkler installation (mandated after a 2017 law change) was still pending, planned for 30 June that year.","Fire broke out around 7:35 a.m. in the ER and spread through the building's central staircase. Thick smoke was the primary killer — most victims died of suffocation, with only one death attributed to burns. Most fatalities were elderly patients in the second-floor ICU for respiratory illness, and several hospital staff. The blaze took about 3 hours to fully extinguish.","Fire brigade contained and extinguished the fire within roughly 3 hours; smoke, rather than open flame, was the dominant hazard fire crews had to manage throughout.","Hospital lacked fire sprinklers (not legally mandated for its size); this absence is cited as a major factor in the fast smoke spread. No secondary explosion or chemical hazard was involved, keeping mitigation focused purely on smoke control and ventilation.","Critical split in outcome: all 94 elderly patients in the adjacent nursing-hospital wing were evacuated safely, some carried out on firefighters' backs — a full-evacuation success. In contrast, the main hospital's ICU/ER wing (where most patients had limited mobility) suffered the bulk of the deaths; 111 surviving patients and staff were transferred to six nearby hospitals.",international_reference,structural_fire
138,Baghdad Ibn al-Khatib Hospital Fire (Iraq),24-25 April 2021,"Baghdad, Iraq",COVID-19 intensive care hospital,92 killed | 110 injured,Not documented in available sources,"Explosion of an oxygen cylinder in the ICU, reportedly caused by a fault in oxygen cylinder storage; the ward was overcrowded, reportedly holding roughly four times its intended patient capacity.","The oxygen cylinder explosion at night set off a chain of further tank explosions, and fire spread rapidly to multiple floors through the night. Most victims were ventilator-dependent COVID patients unable to self-evacuate. Staff attempted to shut down the central oxygen system, but explosions had already begun.",Firefighters worked through the night to contain the blaze across multiple floors; functional fire suppression systems were reported absent or inadequate for the ward's occupancy.,"Staff attempted to shut down the hospital's central oxygen supply once the fire started, but this came too late — cylinders were already detonating. No sprinkler/suppression system is documented as having activated.",Chaotic evacuation: patients and staff jumped from windows to escape; relatives outside reported being told loved ones were 'being evacuated' but many did not make it out. Investigation afterward cited overcrowding (roughly 4x ward capacity) as a major factor limiting evacuation speed.,international_reference,structural_fire
139,República Cromañón Nightclub Fire (Argentina),30 December 2004,"Buenos Aires, Argentina","Nightclub / concert venue (legal capacity ~1,000-1,500; ~3,000-4,000 present)","194 killed | 1,400+ injured",Not documented in available sources,"An indoor pyrotechnic flare, lit by an audience member during a rock concert, ignited flammable polyurethane acoustic foam and a plastic netting ('media sombra') on the ceiling.",The plastic ceiling netting caught fire first and melted into falling burning material onto the packed crowd below. The venue was operating years overdue for a fire-safety inspection and was hosting roughly 3-4x its legal capacity. Toxic smoke inhalation caused the vast majority of deaths.,"Fire services responded to extinguish the blaze, but the primary lethality had already occurred within minutes due to smoke and ceiling material combustion before crews could act on occupant survival.","No functioning fire alarm or emergency lighting system was in place. The materials used for interior decoration and soundproofing (foam, plastic netting, stuffing) were highly flammable and not fire-rated — a mitigation failure baked into the venue's construction.","Evacuation catastrophically failed: at least 4 of the venue's 6 exits were found locked or padlocked (reportedly to stop people entering without paying), funneling the panicked crowd toward one narrow open exit. This is considered the single largest contributor to the death toll — a stampede formed against locked/blocked doors.",international_reference,structural_fire
140,Kader Toy Factory Fire (Thailand),10 May 1993,"Sam Phran District, Nakhon Pathom, Thailand",Toy manufacturing factory (multi-building industrial complex),188 killed | 469 injured,Considered the worst industrial factory fire in history at the time,"Small fire discovered around 4:00 p.m. on the first floor of a finished-goods storage area; exact ignition source undetermined, amid heavy fuel load of plastics, fabrics, and stuffing materials throughout the complex.","Workers were initially told the fire was minor and instructed to keep working; the fire alarm in the affected building reportedly did not sound. The fire spread rapidly through combustible plastics and fabric stock. The building's uninsulated steel-girder structure weakened and collapsed under heat, destroying stairwells mid-escape.",Fire services took approximately 2 hours to arrive and bring the fire under control — a critical delay given the fuel load and structural collapse risk.,No functioning fire extinguishers or automatic sprinklers were present in the affected building; the E-shaped structure's design meant fire and heat traveled between wings largely unchecked.,"Ground-floor exit doors were found locked (reportedly a standing policy to prevent theft of stock), trapping workers as stairwells collapsed. In a stark contrast, fire alarms in some other buildings on the same site did sound, allowing those workers to escape before flames spread to their sections — illustrating how a single working alarm and unlocked doors was the difference between escape and death within the same industrial complex.",international_reference,structural_fire
141,2016 Uttarakhand Forest Fires (India),April - May 2016,"Uttarakhand and Himachal Pradesh, India","Wildland / Chir Pine forest, including Jim Corbett National Park and Rajaji Tiger Reserve",9 killed | 17 injured,"4,538 hectares (11,210 acres) of forest burned","Severe heatwave and drought conditions combined with resin-rich Chir Pine leaf litter accumulation on the forest floor; officials detected nearly 1,600 separate fire outbreaks across the region.","Fires spread rapidly across dry Chir Pine forest terrain, fueled by resin-rich pine litter and worsened by unusually high temperatures and low humidity. The fires threatened wildlife habitats in Jim Corbett National Park and Rajaji Tiger Reserve and produced heavy smoke that disrupted tourism.","The National Disaster Response Force (NDRF) and Indian Air Force were deployed in a combined effort, including aerial water-dropping operations, to bring the widespread fires under control by early May.","Firefighting was hampered by fragmented jurisdiction between forest, disaster-management, and local authorities, plus inadequate ground firefighting infrastructure. Fire watchtowers and Master Control Rooms (MCRs) with wireless networks were used for detection and coordination. Eventual rainfall significantly aided suppression. A longer-term mitigation measure later adopted was the 'Pirul Lao-Paise Pao' program, incentivizing villagers to remove flammable pine needle litter from the forest floor before fire season.","No mass human evacuation was required as the fires were in forested/hill terrain away from dense settlements, but forest guards and local villagers fighting the fires directly were among the casualties, highlighting the risk to ground personnel in wildland firefighting without adequate protective support.",domestic_india,wildland_fire
142,Black Summer Bushfires (Australia),September 2019 - March 2020,"New South Wales, Victoria, Queensland, South Australia, Australia","Wildland / bushland, forests, and rural-urban interface communities","33 killed (including 9 firefighters) | 5.5+ million hectares burned | ~3,094 houses destroyed | an estimated 1-3 billion animals killed or displaced","Insurance losses of AUD $2.32+ billion; over 3,000 homes destroyed","Prolonged drought and record-low fuel moisture following several dry years, combined with higher-than-average temperatures and a series of dry lightning storms, created catastrophic fire conditions across southeastern Australia.","Fires burned continuously for months across multiple states, at one point producing 17 simultaneous major fires in NSW alone on a single day. The scale overwhelmed normal firefighting capacity and had a catastrophic impact on native wildlife, with some endangered species feared to have been pushed toward extinction.","The NSW Rural Fire Service (RFS) led the response, supported by Fire and Rescue NSW, the National Parks and Wildlife Service, State Emergency Service, and NSW Police. 5,728 interstate and international firefighting personnel were deployed as reinforcements — one of the largest mutual-aid firefighting mobilizations in Australian history.","Crews defended township perimeters against fire fronts, often hampered by fallen power lines and exploding household gas bottles. Where possible, backburning and containment lines were used to protect population centers; extensive pre-existing bushfire management planning and legal/policy frameworks were credited with preventing an even higher toll, though gaps in resourcing and coordination were identified as key weaknesses.","In the town of Mallacoota (Victoria), an Emergency Warning was issued as the fire cut the town off from the highway; the Australian Defence Force carried out the largest domestic maritime evacuation in Australian history, moving thousands of trapped residents and tourists out by naval ships and aircraft over several days as the fire surrounded the town. This maritime evacuation model — using the sea as an escape route when land routes are cut off by fire — is a key transferable lesson for any coastal or riverside community facing wildfire encirclement.",international_reference,wildland_fire
143,Visakhapatnam (Vizag) Styrene Gas Leak (India),7 May 2020,"R.R. Venkatapuram, Gopalapatnam, Visakhapatnam, Andhra Pradesh",Chemical/polymer manufacturing plant (LG Polymers) — styrene monomer storage tank,"11-13 killed | 1,000+ affected/hospitalized",Loss of livestock and vegetation in surrounding villages; plant operations suspended,"Malfunction in the cooling/refrigeration system of a styrene monomer storage tank (while restarting the plant after a COVID-19 lockdown shutdown) caused the liquid chemical to overheat and vaporize, releasing toxic styrene vapor into the atmosphere at approximately 3:00 a.m.","Unlike a typical fire, this was primarily a toxic vapor release: the gas spread over a radius of roughly 3 km, affecting five villages. Residents were woken by throat/skin irritation and a strong chemical smell; many collapsed in the streets while trying to flee. A small fire was reported and extinguished before the gas leak was contained.","Local NDRF (National Disaster Response Force) teams reached the site within 30 minutes of intimation and worked to neutralize the situation inside the plant. A CBRN (Chemical, Biological, Radiological, Nuclear) specialist NDRF unit and NEERI (National Environmental Engineering Research Institute) experts were flown in from Pune/Nagpur to assess and manage the chemical hazard.","The company and district administration conducted large-scale water sprinkling inside the plant and across affected areas to help disperse and settle the styrene vapor. This is a key mitigation technique specific to vapor-cloud releases, distinct from standard fire suppression.","NDRF conducted door-to-door search operations in the affected villages, evacuating at least 20 people directly to safer locations and hospitals. Two deaths occurred during the chaotic self-evacuation — one person fell into a well while fleeing, another jumped from a second-floor window — underscoring the danger of panicked, uncoordinated evacuation during a toxic gas event versus a structured door-to-door approach.",domestic_india,chemical_toxic_release
144,HPCL Visakhapatnam Refinery LPG Tank Explosion (India),22 September 1997,"Malkapuram, Visakhapatnam, Andhra Pradesh",Petroleum refinery (Hindustan Petroleum Corporation Limited),70 killed,Extensive refinery infrastructure damage; multiple LPG storage tanks destroyed,An unrepaired gas leak in a pipeline from a few months earlier was later identified as the underlying cause; the leaked gas eventually triggered a chain of explosions across six LPG storage tanks.,"The explosions in the LPG tanks were severe enough to send dark clouds over the city, indicating the massive scale of the hydrocarbon fire. This is a textbook 'domino effect' industrial fire, where one initial failure cascades into multiple tank failures.","The fire took two full days to extinguish, requiring dozens of fire engines and heavy firefighting equipment brought in from other refineries across the city — illustrating that large-scale LPG/hydrocarbon tank farm fires require regional mutual-aid resourcing, not just on-site capacity.","The core mitigation failure was upstream: a known gas leak in a pipeline had not been properly repaired months before the incident, allowing gas to accumulate and eventually ignite. This underscores that gas-leak repair and pipeline integrity checks are themselves a critical fire-prevention (mitigation) step, not just a maintenance issue.","Given the tank-farm setting, evacuation and rescue centered on refinery personnel and the surrounding industrial area rather than a large civilian population, though the scale of casualties (70 killed) indicates on-site workers had very limited warning time once the tank-to-tank chain reaction began.",domestic_india,industrial_refinery_fire
145,Jharia Coalfield Underground Mine Fire (India),"Ongoing since 1916 (chronic, still active)","Jharia coalfield, Dhanbad district, Jharkhand","Underground and open-cast coal mining region (~450 sq km, over 20 mines)","Multiple deaths over decades from sinkholes, ground collapse, and toxic fume exposure (exact figures undocumented); ~500,000 people live in the affected area with ongoing respiratory health impacts","Over 37 million tonnes of coal lost to fire; a further ~1.4-2 billion tonnes rendered inaccessible, estimated at over $200 billion in locked resource value","Spontaneous combustion of coal seams, triggered originally by unsupervised/unsystematic mining practices that created surface fissures acting as oxygen inlets and ventilation paths for underground fires. Fires were first detected in 1916 and have spread continuously since.","This is a chronic, slow-burning underground fire (distinct from a rapid-onset structural or wildland fire) burning at up to 700°C a few metres below the surface across 67+ separate burning zones. It causes ground subsidence, sudden sinkholes that have swallowed people, and continuous toxic fume release affecting local residents' health over years.","No fire service can 'extinguish' a fire of this nature quickly. Techniques used include filling sand and non-flammable material over hotspots to smother the fire, digging trenches around active fire zones to isolate them from fresh coal fuel, and injecting inert gas (such as nitrogen) into underground tunnels to deprive the fire of oxygen — nitrogen's cooling property is specifically used to help extinguish coal fires.","Remote sensing (satellite thermal imagery) and GPS mapping are used to identify precisely where underground fires are burning, since they are invisible from the surface. Bulldozers are used to remove burning coal from the fire's path as a containment measure. Despite these efforts, experts consider full extinguishment unlikely as long as unburned coal fuel remains accessible to the fire underground.","Rather than one-time evacuation, this incident type requires ongoing relocation/resettlement planning for residents living above active fire zones and known sinkhole-risk areas — a fundamentally different 'evacuation' model based on long-term land-use planning rather than emergency egress.",domestic_india,mine_fire
146,"MV Wan Hai 503 Container Ship Fire (Kerala Coast, India)",9 June 2025,"Arabian Sea, ~88-144 km off Beypore/Kannur coast, Kerala","Singapore-flagged container cargo ship carrying hazardous cargo, en route Colombo to Mumbai",4 crew members missing (out of 22 onboard) | 18 rescued,40 containers lost overboard into the Arabian Sea; vessel adrift and towed for salvage,An explosion inside one of the ship's cargo containers (exact cause under investigation) triggered a major fire that rapidly engulfed the ship's midsection.,"The fire spread quickly through stacked containers, causing further explosions and forcing crew members to jump overboard to escape the flames. By 12:40 pm the fire had spread enough that the crew made the decision to abandon the vessel entirely.","The Indian Navy dispatched INS Surat and a Dornier surveillance aircraft immediately upon receiving the distress signal; a nearby merchant vessel (MV One Marvel) was diverted by the Indian Coast Guard's Maritime Rescue Coordination Centre to assist. The burning vessel was later towed further out to sea (from 27 to 40 nautical miles offshore) to keep the fire away from the coastline while firefighting continued, using multiple Coast Guard ships as escorts during the tow.","Given the hazardous cargo onboard, a major mitigation priority was preventing the drifting, burning ship from reaching the coastline — towing it further out to sea reduced both fire risk to coastal areas and the risk of a marine pollution/ecological disaster from the hazardous cargo and fuel.","INS Surat rescued 18 of the 22 crew members (multiple nationalities: Chinese, Taiwanese, Myanmarese, Indonesian) by 4:30 pm the same day, who received first aid before being taken to New Mangalore for further medical treatment. Search and rescue operations continued for the remaining 4 missing crew members.",domestic_india,marine_fire
